-- phpMyAdmin SQL Dump
-- version 5.0.2
-- https://www.phpmyadmin.net/
--
-- Host: 127.0.0.1
-- Waktu pembuatan: 29 Agu 2020 pada 14.24
-- Versi server: 10.4.13-MariaDB
-- Versi PHP: 7.4.8

SET SQL_MODE = "NO_AUTO_VALUE_ON_ZERO";
START TRANSACTION;
SET time_zone = "+00:00";


/*!40101 SET @OLD_CHARACTER_SET_CLIENT=@@CHARACTER_SET_CLIENT */;
/*!40101 SET @OLD_CHARACTER_SET_RESULTS=@@CHARACTER_SET_RESULTS */;
/*!40101 SET @OLD_COLLATION_CONNECTION=@@COLLATION_CONNECTION */;
/*!40101 SET NAMES utf8mb4 */;

--
-- Database: `wseci_3_3`
--

-- --------------------------------------------------------

--
-- Struktur dari tabel `groups`
--

CREATE TABLE `groups` (
  `id` mediumint(8) UNSIGNED NOT NULL,
  `name` varchar(20) NOT NULL,
  `description` varchar(100) NOT NULL
) ENGINE=InnoDB DEFAULT CHARSET=utf8;

--
-- Dumping data untuk tabel `groups`
--

INSERT INTO `groups` (`id`, `name`, `description`) VALUES
(1, 'admin', 'Administrator'),
(2, 'members', 'General User');

-- --------------------------------------------------------

--
-- Struktur dari tabel `invenitri_session`
--

CREATE TABLE `invenitri_session` (
  `id` varchar(40) NOT NULL,
  `ip_address` varchar(45) NOT NULL,
  `timestamp` int(10) UNSIGNED NOT NULL DEFAULT 0,
  `data` blob NOT NULL
) ENGINE=MyISAM DEFAULT CHARSET=latin1;

--
-- Dumping data untuk tabel `invenitri_session`
--

INSERT INTO `invenitri_session` (`id`, `ip_address`, `timestamp`, `data`) VALUES
('7nm2jcae93mbpdiq9l3f09ibfrgm7486', '::1', 1595816775, 0x5f5f63695f6c6173745f726567656e65726174657c693a313539353831363736303b),
('qvhab4fhon516tuoq47303knlt0u9rbb', '::1', 1595996358, 0x5f5f63695f6c6173745f726567656e65726174657c693a313539353939363335373b),
('t2vva7k3e1jjlnot9sbi9a78ohq183tn', '::1', 1596004126, 0x5f5f63695f6c6173745f726567656e65726174657c693a313539363030333837313b6964656e746974797c733a31333a2261646d696e6973747261746f72223b757365726e616d657c733a31333a2261646d696e6973747261746f72223b656d61696c7c733a31353a2261646d696e4061646d696e2e636f6d223b757365725f69647c733a313a2231223b6f6c645f6c6173745f6c6f67696e7c733a31303a2231353935383136303230223b6c6173745f636865636b7c693a313539363030333838393b6d6573736167657c733a3134363a223c64697620636c6173733d22616c65727420616c6572742d696e666f223e3c627574746f6e20747970653d22627574746f6e2220636c6173733d22636c6f73652220646174612d6469736d6973733d22616c6572742220617269612d68696464656e3d2274727565223e2674696d65733b3c2f627574746f6e3e496e76656e746f72792044656c65746564213c2f6469763e223b5f5f63695f766172737c613a313a7b733a373a226d657373616765223b733a333a226f6c64223b7d),
('rja1kddmmambrt82tiq4p0une94445lt', '::1', 1595815813, 0x5f5f63695f6c6173745f726567656e65726174657c693a313539353831353831333b6964656e746974797c733a31333a2261646d696e6973747261746f72223b757365726e616d657c733a31333a2261646d696e6973747261746f72223b656d61696c7c733a31353a2261646d696e4061646d696e2e636f6d223b757365725f69647c733a313a2231223b6f6c645f6c6173745f6c6f67696e7c733a31303a2231353935363635353130223b6c6173745f636865636b7c693a313539353831353534323b637372666b65797c733a383a224449516141576675223b5f5f63695f766172737c613a323a7b733a373a22637372666b6579223b733a333a226e6577223b733a393a226373726676616c7565223b733a333a226e6577223b7d6373726676616c75657c733a32303a224a6579507073565a387849644163584f46616957223b),
('0njj5i03r4ddmeu0djdllerjhphv7gm3', '::1', 1595816328, 0x5f5f63695f6c6173745f726567656e65726174657c693a313539353831363332383b6964656e746974797c733a31333a2261646d696e6973747261746f72223b757365726e616d657c733a31333a2261646d696e6973747261746f72223b656d61696c7c733a31353a2261646d696e4061646d696e2e636f6d223b757365725f69647c733a313a2231223b6f6c645f6c6173745f6c6f67696e7c733a31303a2231353935383135383433223b6c6173745f636865636b7c693a313539353831363032303b6d6573736167657c733a3135323a223c64697620636c6173733d22616c65727420616c6572742d696e666f223e3c627574746f6e20747970653d22627574746f6e2220636c6173733d22636c6f73652220646174612d6469736d6973733d22616c6572742220617269612d68696464656e3d2274727565223e2674696d65733b3c2f627574746f6e3e44617461205361766564205375636365737366756c6c79213c2f6469763e223b5f5f63695f766172737c613a313a7b733a373a226d657373616765223b733a333a226f6c64223b7d),
('t6v3sv7u2stps3rhvql2nc4kmdopcb8j', '::1', 1596775611, 0x5f5f63695f6c6173745f726567656e65726174657c693a313539363737353631313b6964656e746974797c733a31333a2261646d696e6973747261746f72223b757365726e616d657c733a31333a2261646d696e6973747261746f72223b656d61696c7c733a31353a2261646d696e4061646d696e2e636f6d223b757365725f69647c733a313a2231223b6f6c645f6c6173745f6c6f67696e7c733a31303a2231353936303033383839223b6c6173745f636865636b7c693a313539363737353238333b),
('ha7krnntn805fe6c2totvgusdl87nich', '::1', 1596776043, 0x5f5f63695f6c6173745f726567656e65726174657c693a313539363737363034333b6964656e746974797c733a31333a2261646d696e6973747261746f72223b757365726e616d657c733a31333a2261646d696e6973747261746f72223b656d61696c7c733a31353a2261646d696e4061646d696e2e636f6d223b757365725f69647c733a313a2231223b6f6c645f6c6173745f6c6f67696e7c733a31303a2231353936303033383839223b6c6173745f636865636b7c693a313539363737353238333b),
('2huvoa5rccvitk03rvg4f6oivebsifgk', '::1', 1596780138, 0x5f5f63695f6c6173745f726567656e65726174657c693a313539363738303133383b6964656e746974797c733a31333a2261646d696e6973747261746f72223b757365726e616d657c733a31333a2261646d696e6973747261746f72223b656d61696c7c733a31353a2261646d696e4061646d696e2e636f6d223b757365725f69647c733a313a2231223b6f6c645f6c6173745f6c6f67696e7c733a31303a2231353936303033383839223b6c6173745f636865636b7c693a313539363737353238333b),
('2m1tpg12du0uuoth1ist30ahinuimocl', '127.0.0.1', 1596780507, 0x5f5f63695f6c6173745f726567656e65726174657c693a313539363738303530373b6964656e746974797c733a31333a2261646d696e6973747261746f72223b757365726e616d657c733a31333a2261646d696e6973747261746f72223b656d61696c7c733a31353a2261646d696e4061646d696e2e636f6d223b757365725f69647c733a313a2231223b6f6c645f6c6173745f6c6f67696e7c733a31303a2231353936303033383839223b6c6173745f636865636b7c693a313539363737353238333b),
('4ib2855pqbc7v4f0hhbhs8ibqet3f9pd', '127.0.0.1', 1596781275, 0x5f5f63695f6c6173745f726567656e65726174657c693a313539363738313237353b6964656e746974797c733a31333a2261646d696e6973747261746f72223b757365726e616d657c733a31333a2261646d696e6973747261746f72223b656d61696c7c733a31353a2261646d696e4061646d696e2e636f6d223b757365725f69647c733a313a2231223b6f6c645f6c6173745f6c6f67696e7c733a31303a2231353936303033383839223b6c6173745f636865636b7c693a313539363737353238333b),
('47ve6fq23f58fm4oc3j651i5b269udjv', '127.0.0.1', 1596781763, 0x5f5f63695f6c6173745f726567656e65726174657c693a313539363738313736333b6964656e746974797c733a31333a2261646d696e6973747261746f72223b757365726e616d657c733a31333a2261646d696e6973747261746f72223b656d61696c7c733a31353a2261646d696e4061646d696e2e636f6d223b757365725f69647c733a313a2231223b6f6c645f6c6173745f6c6f67696e7c733a31303a2231353936303033383839223b6c6173745f636865636b7c693a313539363737353238333b),
('e3mp2e0v0sl81led5omgl75rh9999cd9', '127.0.0.1', 1596781850, 0x5f5f63695f6c6173745f726567656e65726174657c693a313539363738313736333b6964656e746974797c733a31333a2261646d696e6973747261746f72223b757365726e616d657c733a31333a2261646d696e6973747261746f72223b656d61696c7c733a31353a2261646d696e4061646d696e2e636f6d223b757365725f69647c733a313a2231223b6f6c645f6c6173745f6c6f67696e7c733a31303a2231353936303033383839223b6c6173745f636865636b7c693a313539363737353238333b),
('f554tcml494h8flirnea63li75b4ei49', '127.0.0.1', 1596809301, 0x5f5f63695f6c6173745f726567656e65726174657c693a313539363830393239303b6964656e746974797c733a31333a2261646d696e6973747261746f72223b757365726e616d657c733a31333a2261646d696e6973747261746f72223b656d61696c7c733a31353a2261646d696e4061646d696e2e636f6d223b757365725f69647c733a313a2231223b6f6c645f6c6173745f6c6f67696e7c733a31303a2231353936373939323437223b6c6173745f636865636b7c693a313539363830383533373b),
('5quvb6ed7cc94smehv55puunc4jrcb77', '::1', 1596798455, 0x5f5f63695f6c6173745f726567656e65726174657c693a313539363739383435343b6964656e746974797c733a31333a2261646d696e6973747261746f72223b757365726e616d657c733a31333a2261646d696e6973747261746f72223b656d61696c7c733a31353a2261646d696e4061646d696e2e636f6d223b757365725f69647c733a313a2231223b6f6c645f6c6173745f6c6f67696e7c733a31303a2231353936373735323833223b6c6173745f636865636b7c693a313539363739373839373b),
('q3kb9cpop7jg3h4unn1tb2d74sei3l1n', '::1', 1596798814, 0x5f5f63695f6c6173745f726567656e65726174657c693a313539363739383831343b6964656e746974797c733a31333a2261646d696e6973747261746f72223b757365726e616d657c733a31333a2261646d696e6973747261746f72223b656d61696c7c733a31353a2261646d696e4061646d696e2e636f6d223b757365725f69647c733a313a2231223b6f6c645f6c6173745f6c6f67696e7c733a31303a2231353936373735323833223b6c6173745f636865636b7c693a313539363739373839373b),
('ln10jloj7bhvu9h6d52m2hq9d61lghsv', '::1', 1596799131, 0x5f5f63695f6c6173745f726567656e65726174657c693a313539363739393133313b6964656e746974797c733a31333a2261646d696e6973747261746f72223b757365726e616d657c733a31333a2261646d696e6973747261746f72223b656d61696c7c733a31353a2261646d696e4061646d696e2e636f6d223b757365725f69647c733a313a2231223b6f6c645f6c6173745f6c6f67696e7c733a31303a2231353936373735323833223b6c6173745f636865636b7c693a313539363739373839373b),
('dhck0n788o839oa6pr7kf7tbn50uv7lf', '::1', 1596893081, 0x5f5f63695f6c6173745f726567656e65726174657c693a313539363839333038313b6964656e746974797c733a31333a2261646d696e6973747261746f72223b757365726e616d657c733a31333a2261646d696e6973747261746f72223b656d61696c7c733a31353a2261646d696e4061646d696e2e636f6d223b757365725f69647c733a313a2231223b6f6c645f6c6173745f6c6f67696e7c733a31303a2231353936383038353337223b6c6173745f636865636b7c693a313539363839323732373b),
('eg581mr8ctvn75penlunsr1iqpidqcfl', '::1', 1596799259, 0x5f5f63695f6c6173745f726567656e65726174657c693a313539363739393235383b6d6573736167657c733a3135313a223c64697620636c6173733d22616c65727420616c6572742d696e666f223e3c627574746f6e20747970653d22627574746f6e2220636c6173733d22636c6f73652220646174612d6469736d6973733d22616c6572742220617269612d68696464656e3d2274727565223e2674696d65733b3c2f627574746f6e3e4c6f67676564204f7574205375636365737366756c6c793c2f6469763e223b5f5f63695f766172737c613a313a7b733a373a226d657373616765223b733a333a226f6c64223b7d),
('u2fg2a96rgkfok7r50edr5lu0c02e827', '127.0.0.1', 1596808934, 0x5f5f63695f6c6173745f726567656e65726174657c693a313539363830383933343b6964656e746974797c733a31333a2261646d696e6973747261746f72223b757365726e616d657c733a31333a2261646d696e6973747261746f72223b656d61696c7c733a31353a2261646d696e4061646d696e2e636f6d223b757365725f69647c733a313a2231223b6f6c645f6c6173745f6c6f67696e7c733a31303a2231353936373939323437223b6c6173745f636865636b7c693a313539363830383533373b),
('qoc0q1lm88r6f2a11sl4rso9o64rb0tl', '127.0.0.1', 1596809290, 0x5f5f63695f6c6173745f726567656e65726174657c693a313539363830393239303b6964656e746974797c733a31333a2261646d696e6973747261746f72223b757365726e616d657c733a31333a2261646d696e6973747261746f72223b656d61696c7c733a31353a2261646d696e4061646d696e2e636f6d223b757365725f69647c733a313a2231223b6f6c645f6c6173745f6c6f67696e7c733a31303a2231353936373939323437223b6c6173745f636865636b7c693a313539363830383533373b),
('4khml99h3c5vh5hh6vtq1ukcaba10f7f', '::1', 1596895426, 0x5f5f63695f6c6173745f726567656e65726174657c693a313539363839353432363b6964656e746974797c733a31333a2261646d696e6973747261746f72223b757365726e616d657c733a31333a2261646d696e6973747261746f72223b656d61696c7c733a31353a2261646d696e4061646d696e2e636f6d223b757365725f69647c733a313a2231223b6f6c645f6c6173745f6c6f67696e7c733a31303a2231353936383038353337223b6c6173745f636865636b7c693a313539363839323732373b),
('mhgi0t6t3qe05a3v9kogjnkn8u0sfiqd', '::1', 1596895749, 0x5f5f63695f6c6173745f726567656e65726174657c693a313539363839353734393b6964656e746974797c733a31333a2261646d696e6973747261746f72223b757365726e616d657c733a31333a2261646d696e6973747261746f72223b656d61696c7c733a31353a2261646d696e4061646d696e2e636f6d223b757365725f69647c733a313a2231223b6f6c645f6c6173745f6c6f67696e7c733a31303a2231353936383038353337223b6c6173745f636865636b7c693a313539363839323732373b),
('vqi2q5ktbbh11cnua0tq9urnkdfdc9ud', '::1', 1596897712, 0x5f5f63695f6c6173745f726567656e65726174657c693a313539363839373731323b6964656e746974797c733a31333a2261646d696e6973747261746f72223b757365726e616d657c733a31333a2261646d696e6973747261746f72223b656d61696c7c733a31353a2261646d696e4061646d696e2e636f6d223b757365725f69647c733a313a2231223b6f6c645f6c6173745f6c6f67696e7c733a31303a2231353936383038353337223b6c6173745f636865636b7c693a313539363839323732373b),
('540odg48n8veiekeeppic2fss2aa3kcb', '::1', 1596898041, 0x5f5f63695f6c6173745f726567656e65726174657c693a313539363839383033363b),
('jeccon93md0k9k1m776j77ieprfshs32', '::1', 1597067504, 0x5f5f63695f6c6173745f726567656e65726174657c693a313539373036373530343b6d6573736167657c733a3135313a223c64697620636c6173733d22616c65727420616c6572742d696e666f223e3c627574746f6e20747970653d22627574746f6e2220636c6173733d22636c6f73652220646174612d6469736d6973733d22616c6572742220617269612d68696464656e3d2274727565223e2674696d65733b3c2f627574746f6e3e4c6f67676564204f7574205375636365737366756c6c793c2f6469763e223b5f5f63695f766172737c613a313a7b733a373a226d657373616765223b733a333a226f6c64223b7d),
('l9mflv6t9e195kle5ujgqkjsh367004m', '::1', 1597114366, 0x5f5f63695f6c6173745f726567656e65726174657c693a313539373131343336363b6964656e746974797c733a31333a2261646d696e6973747261746f72223b757365726e616d657c733a31333a2261646d696e6973747261746f72223b656d61696c7c733a31353a2261646d696e4061646d696e2e636f6d223b757365725f69647c733a313a2231223b6f6c645f6c6173745f6c6f67696e7c733a31303a2231353937303938383334223b6c6173745f636865636b7c693a313539373131333636303b),
('2s4dsvro3hha7lvhb1v0uei5rdnfeo9o', '::1', 1597099009, 0x5f5f63695f6c6173745f726567656e65726174657c693a313539373039383732323b6964656e746974797c733a31333a2261646d696e6973747261746f72223b757365726e616d657c733a31333a2261646d696e6973747261746f72223b656d61696c7c733a31353a2261646d696e4061646d696e2e636f6d223b757365725f69647c733a313a2231223b6f6c645f6c6173745f6c6f67696e7c733a31303a2231353937303938373030223b6c6173745f636865636b7c693a313539373039383833343b),
('66l1i59gmp6trcu8nbaappnqc3vois50', '::1', 1597114007, 0x5f5f63695f6c6173745f726567656e65726174657c693a313539373131343030373b6964656e746974797c733a31333a2261646d696e6973747261746f72223b757365726e616d657c733a31333a2261646d696e6973747261746f72223b656d61696c7c733a31353a2261646d696e4061646d696e2e636f6d223b757365725f69647c733a313a2231223b6f6c645f6c6173745f6c6f67696e7c733a31303a2231353937303938383334223b6c6173745f636865636b7c693a313539373131333636303b),
('6p9jchnlj6chu23niben5kt7ivcov0k5', '::1', 1597116166, 0x5f5f63695f6c6173745f726567656e65726174657c693a313539373131363136363b6964656e746974797c733a31333a2261646d696e6973747261746f72223b757365726e616d657c733a31333a2261646d696e6973747261746f72223b656d61696c7c733a31353a2261646d696e4061646d696e2e636f6d223b757365725f69647c733a313a2231223b6f6c645f6c6173745f6c6f67696e7c733a31303a2231353937303938383334223b6c6173745f636865636b7c693a313539373131333636303b),
('4pg43phic5vqmolr4o9saap8joidmher', '::1', 1597116474, 0x5f5f63695f6c6173745f726567656e65726174657c693a313539373131363437343b6964656e746974797c733a31333a2261646d696e6973747261746f72223b757365726e616d657c733a31333a2261646d696e6973747261746f72223b656d61696c7c733a31353a2261646d696e4061646d696e2e636f6d223b757365725f69647c733a313a2231223b6f6c645f6c6173745f6c6f67696e7c733a31303a2231353937303938383334223b6c6173745f636865636b7c693a313539373131333636303b),
('02dq38tha723qvjagp932lo5b1rq0aad', '::1', 1597116789, 0x5f5f63695f6c6173745f726567656e65726174657c693a313539373131363738393b6964656e746974797c733a31333a2261646d696e6973747261746f72223b757365726e616d657c733a31333a2261646d696e6973747261746f72223b656d61696c7c733a31353a2261646d696e4061646d696e2e636f6d223b757365725f69647c733a313a2231223b6f6c645f6c6173745f6c6f67696e7c733a31303a2231353937303938383334223b6c6173745f636865636b7c693a313539373131333636303b),
('nr7cuhjocs0doeg2f4muh1enrhasrcgs', '::1', 1597117419, 0x5f5f63695f6c6173745f726567656e65726174657c693a313539373131373431393b6964656e746974797c733a31333a2261646d696e6973747261746f72223b757365726e616d657c733a31333a2261646d696e6973747261746f72223b656d61696c7c733a31353a2261646d696e4061646d696e2e636f6d223b757365725f69647c733a313a2231223b6f6c645f6c6173745f6c6f67696e7c733a31303a2231353937303938383334223b6c6173745f636865636b7c693a313539373131333636303b),
('ikgbfnk8vega0ffnv2qp962poan47854', '::1', 1597117776, 0x5f5f63695f6c6173745f726567656e65726174657c693a313539373131373737363b6964656e746974797c733a31333a2261646d696e6973747261746f72223b757365726e616d657c733a31333a2261646d696e6973747261746f72223b656d61696c7c733a31353a2261646d696e4061646d696e2e636f6d223b757365725f69647c733a313a2231223b6f6c645f6c6173745f6c6f67696e7c733a31303a2231353937303938383334223b6c6173745f636865636b7c693a313539373131333636303b),
('5cec6dbhbi647o5ijnpdfrs4v6mkmf51', '::1', 1597118277, 0x5f5f63695f6c6173745f726567656e65726174657c693a313539373131383237373b6964656e746974797c733a31333a2261646d696e6973747261746f72223b757365726e616d657c733a31333a2261646d696e6973747261746f72223b656d61696c7c733a31353a2261646d696e4061646d696e2e636f6d223b757365725f69647c733a313a2231223b6f6c645f6c6173745f6c6f67696e7c733a31303a2231353937303938383334223b6c6173745f636865636b7c693a313539373131333636303b),
('23nhtvh56i9lbhah94o7sbg2np7keo14', '::1', 1597119109, 0x5f5f63695f6c6173745f726567656e65726174657c693a313539373131393130393b6964656e746974797c733a31333a2261646d696e6973747261746f72223b757365726e616d657c733a31333a2261646d696e6973747261746f72223b656d61696c7c733a31353a2261646d696e4061646d696e2e636f6d223b757365725f69647c733a313a2231223b6f6c645f6c6173745f6c6f67696e7c733a31303a2231353937303938383334223b6c6173745f636865636b7c693a313539373131333636303b),
('6l9okrtj8tumdjpvo0v6hlovkhh61ufh', '::1', 1597120759, 0x5f5f63695f6c6173745f726567656e65726174657c693a313539373132303735393b6964656e746974797c733a31333a2261646d696e6973747261746f72223b757365726e616d657c733a31333a2261646d696e6973747261746f72223b656d61696c7c733a31353a2261646d696e4061646d696e2e636f6d223b757365725f69647c733a313a2231223b6f6c645f6c6173745f6c6f67696e7c733a31303a2231353937303938383334223b6c6173745f636865636b7c693a313539373131333636303b),
('88eetnatt0m1vkr91ujj3kff5f6p3un4', '::1', 1597123235, 0x5f5f63695f6c6173745f726567656e65726174657c693a313539373132333233353b6964656e746974797c733a31333a2261646d696e6973747261746f72223b757365726e616d657c733a31333a2261646d696e6973747261746f72223b656d61696c7c733a31353a2261646d696e4061646d696e2e636f6d223b757365725f69647c733a313a2231223b6f6c645f6c6173745f6c6f67696e7c733a31303a2231353937303938383334223b6c6173745f636865636b7c693a313539373131333636303b),
('t7uegue24lp6fs2snpo9475mv78obdhh', '::1', 1597126606, 0x5f5f63695f6c6173745f726567656e65726174657c693a313539373132363630363b6964656e746974797c733a31333a2261646d696e6973747261746f72223b757365726e616d657c733a31333a2261646d696e6973747261746f72223b656d61696c7c733a31353a2261646d696e4061646d696e2e636f6d223b757365725f69647c733a313a2231223b6f6c645f6c6173745f6c6f67696e7c733a31303a2231353937303938383334223b6c6173745f636865636b7c693a313539373131333636303b6d6573736167657c733a3136383a223c64697620636c6173733d22616c65727420616c6572742d73756363657373223e3c627574746f6e20747970653d22627574746f6e2220636c6173733d22636c6f73652220646174612d6469736d6973733d22616c6572742220617269612d68696464656e3d2274727565223e2674696d65733b3c2f627574746f6e3e53656172636820726573756c74732077697468206b6579776f726420276d616b616e616e273c2f6469763e223b5f5f63695f766172737c613a313a7b733a373a226d657373616765223b733a333a226e6577223b7d),
('ethpg92asoi4tjbbo7kievjbv5kcpjrh', '::1', 1597126686, 0x5f5f63695f6c6173745f726567656e65726174657c693a313539373132363630363b6964656e746974797c733a31333a2261646d696e6973747261746f72223b757365726e616d657c733a31333a2261646d696e6973747261746f72223b656d61696c7c733a31353a2261646d696e4061646d696e2e636f6d223b757365725f69647c733a313a2231223b6f6c645f6c6173745f6c6f67696e7c733a31303a2231353937303938383334223b6c6173745f636865636b7c693a313539373131333636303b),
('bjsa3adlrd68jfguquppvijoerbu0s3h', '::1', 1597721141, 0x5f5f63695f6c6173745f726567656e65726174657c693a313539373732313134313b6964656e746974797c733a31333a2261646d696e6973747261746f72223b757365726e616d657c733a31333a2261646d696e6973747261746f72223b656d61696c7c733a31353a2261646d696e4061646d696e2e636f6d223b757365725f69647c733a313a2231223b6f6c645f6c6173745f6c6f67696e7c733a31303a2231353937313133363630223b6c6173745f636865636b7c693a313539373732303830383b),
('rnghosc7orq6n65d18bp0g1508p487s0', '::1', 1597721442, 0x5f5f63695f6c6173745f726567656e65726174657c693a313539373732313434323b6964656e746974797c733a31333a2261646d696e6973747261746f72223b757365726e616d657c733a31333a2261646d696e6973747261746f72223b656d61696c7c733a31353a2261646d696e4061646d696e2e636f6d223b757365725f69647c733a313a2231223b6f6c645f6c6173745f6c6f67696e7c733a31303a2231353937313133363630223b6c6173745f636865636b7c693a313539373732303830383b6d6573736167657c733a3136373a223c64697620636c6173733d22616c65727420616c6572742d73756363657373223e3c627574746f6e20747970653d22627574746f6e2220636c6173733d22636c6f73652220646174612d6469736d6973733d22616c6572742220617269612d68696464656e3d2274727565223e2674696d65733b3c2f627574746f6e3e53656172636820726573756c74732077697468206b6579776f726420276b6172647573273c2f6469763e223b5f5f63695f766172737c613a313a7b733a373a226d657373616765223b733a333a226e6577223b7d),
('l8m1uphagrdsje8rgtjqf5m6to0dt94u', '::1', 1597721825, 0x5f5f63695f6c6173745f726567656e65726174657c693a313539373732313832353b6964656e746974797c733a31333a2261646d696e6973747261746f72223b757365726e616d657c733a31333a2261646d696e6973747261746f72223b656d61696c7c733a31353a2261646d696e4061646d696e2e636f6d223b757365725f69647c733a313a2231223b6f6c645f6c6173745f6c6f67696e7c733a31303a2231353937313133363630223b6c6173745f636865636b7c693a313539373732303830383b),
('2ehlceh942kl58snv85u55gcbo7v1dmc', '::1', 1597722713, 0x5f5f63695f6c6173745f726567656e65726174657c693a313539373732323731333b6964656e746974797c733a31333a2261646d696e6973747261746f72223b757365726e616d657c733a31333a2261646d696e6973747261746f72223b656d61696c7c733a31353a2261646d696e4061646d696e2e636f6d223b757365725f69647c733a313a2231223b6f6c645f6c6173745f6c6f67696e7c733a31303a2231353937313133363630223b6c6173745f636865636b7c693a313539373732303830383b),
('pifutqkppm51c8kvo7uuq4tl5m2h3nb6', '::1', 1597722956, 0x5f5f63695f6c6173745f726567656e65726174657c693a313539373732323731333b6964656e746974797c733a31333a2261646d696e6973747261746f72223b757365726e616d657c733a31333a2261646d696e6973747261746f72223b656d61696c7c733a31353a2261646d696e4061646d696e2e636f6d223b757365725f69647c733a313a2231223b6f6c645f6c6173745f6c6f67696e7c733a31303a2231353937313133363630223b6c6173745f636865636b7c693a313539373732303830383b6d6573736167657c733a3134363a223c64697620636c6173733d22616c65727420616c6572742d696e666f223e3c627574746f6e20747970653d22627574746f6e2220636c6173733d22636c6f73652220646174612d6469736d6973733d22616c6572742220617269612d68696464656e3d2274727565223e2674696d65733b3c2f627574746f6e3e496e76656e746f72792044656c65746564213c2f6469763e223b5f5f63695f766172737c613a313a7b733a373a226d657373616765223b733a333a226f6c64223b7d),
('lvhr7curo5386q0mumikc8r1k04nhcfg', '::1', 1597756926, 0x5f5f63695f6c6173745f726567656e65726174657c693a313539373735363831323b6964656e746974797c733a31333a2261646d696e6973747261746f72223b757365726e616d657c733a31333a2261646d696e6973747261746f72223b656d61696c7c733a31353a2261646d696e4061646d696e2e636f6d223b757365725f69647c733a313a2231223b6f6c645f6c6173745f6c6f67696e7c733a31303a2231353937373230383038223b6c6173745f636865636b7c693a313539373735363831383b),
('qaln4hasn3docgmffbgheg2aotvj2m5k', '::1', 1597759955, 0x5f5f63695f6c6173745f726567656e65726174657c693a313539373735393935353b6964656e746974797c733a31333a2261646d696e6973747261746f72223b757365726e616d657c733a31333a2261646d696e6973747261746f72223b656d61696c7c733a31353a2261646d696e4061646d696e2e636f6d223b757365725f69647c733a313a2231223b6f6c645f6c6173745f6c6f67696e7c733a31303a2231353937373536383138223b6c6173745f636865636b7c693a313539373735383436363b),
('cvv311t1fnbpf4pfkkq4u1emnjovrgt0', '::1', 1597760672, 0x5f5f63695f6c6173745f726567656e65726174657c693a313539373736303637323b6964656e746974797c733a31333a2261646d696e6973747261746f72223b757365726e616d657c733a31333a2261646d696e6973747261746f72223b656d61696c7c733a31353a2261646d696e4061646d696e2e636f6d223b757365725f69647c733a313a2231223b6f6c645f6c6173745f6c6f67696e7c733a31303a2231353937373536383138223b6c6173745f636865636b7c693a313539373735383436363b),
('lsvg58skqi3hmkcqbth3rpecl50f7m62', '::1', 1597761102, 0x5f5f63695f6c6173745f726567656e65726174657c693a313539373736313130323b6964656e746974797c733a31333a2261646d696e6973747261746f72223b757365726e616d657c733a31333a2261646d696e6973747261746f72223b656d61696c7c733a31353a2261646d696e4061646d696e2e636f6d223b757365725f69647c733a313a2231223b6f6c645f6c6173745f6c6f67696e7c733a31303a2231353937373536383138223b6c6173745f636865636b7c693a313539373735383436363b),
('9reiiql31214ne4cikm091gcpsr4d2np', '::1', 1597761405, 0x5f5f63695f6c6173745f726567656e65726174657c693a313539373736313430353b6964656e746974797c733a31333a2261646d696e6973747261746f72223b757365726e616d657c733a31333a2261646d696e6973747261746f72223b656d61696c7c733a31353a2261646d696e4061646d696e2e636f6d223b757365725f69647c733a313a2231223b6f6c645f6c6173745f6c6f67696e7c733a31303a2231353937373536383138223b6c6173745f636865636b7c693a313539373735383436363b),
('5l82603hv159nm7sa3gc7b828t734sv1', '::1', 1597761807, 0x5f5f63695f6c6173745f726567656e65726174657c693a313539373736313830373b6964656e746974797c733a31333a2261646d696e6973747261746f72223b757365726e616d657c733a31333a2261646d696e6973747261746f72223b656d61696c7c733a31353a2261646d696e4061646d696e2e636f6d223b757365725f69647c733a313a2231223b6f6c645f6c6173745f6c6f67696e7c733a31303a2231353937373536383138223b6c6173745f636865636b7c693a313539373735383436363b6d6573736167657c733a3136373a223c64697620636c6173733d22616c65727420616c6572742d73756363657373223e3c627574746f6e20747970653d22627574746f6e2220636c6173733d22636c6f73652220646174612d6469736d6973733d22616c6572742220617269612d68696464656e3d2274727565223e2674696d65733b3c2f627574746f6e3e53656172636820726573756c74732077697468206b6579776f726420274b6172647573273c2f6469763e223b5f5f63695f766172737c613a313a7b733a373a226d657373616765223b733a333a226e6577223b7d),
('klrbttd0maq8nvap5gn6m049ihq2iuh8', '::1', 1597762407, 0x5f5f63695f6c6173745f726567656e65726174657c693a313539373736323430373b6964656e746974797c733a31333a2261646d696e6973747261746f72223b757365726e616d657c733a31333a2261646d696e6973747261746f72223b656d61696c7c733a31353a2261646d696e4061646d696e2e636f6d223b757365725f69647c733a313a2231223b6f6c645f6c6173745f6c6f67696e7c733a31303a2231353937373536383138223b6c6173745f636865636b7c693a313539373735383436363b),
('e3ds26ajkdl7jscf8rclpcbbcl5egs96', '::1', 1597762725, 0x5f5f63695f6c6173745f726567656e65726174657c693a313539373736323732353b6964656e746974797c733a31333a2261646d696e6973747261746f72223b757365726e616d657c733a31333a2261646d696e6973747261746f72223b656d61696c7c733a31353a2261646d696e4061646d696e2e636f6d223b757365725f69647c733a313a2231223b6f6c645f6c6173745f6c6f67696e7c733a31303a2231353937373536383138223b6c6173745f636865636b7c693a313539373735383436363b),
('60hrmgu242c97jekl294tp9alhg7h8t9', '::1', 1597763053, 0x5f5f63695f6c6173745f726567656e65726174657c693a313539373736333035333b6964656e746974797c733a31333a2261646d696e6973747261746f72223b757365726e616d657c733a31333a2261646d696e6973747261746f72223b656d61696c7c733a31353a2261646d696e4061646d696e2e636f6d223b757365725f69647c733a313a2231223b6f6c645f6c6173745f6c6f67696e7c733a31303a2231353937373536383138223b6c6173745f636865636b7c693a313539373735383436363b),
('s45pmchmf88cjp5i9uv6t1lcu60h486q', '::1', 1597763458, 0x5f5f63695f6c6173745f726567656e65726174657c693a313539373736333435383b6964656e746974797c733a31333a2261646d696e6973747261746f72223b757365726e616d657c733a31333a2261646d696e6973747261746f72223b656d61696c7c733a31353a2261646d696e4061646d696e2e636f6d223b757365725f69647c733a313a2231223b6f6c645f6c6173745f6c6f67696e7c733a31303a2231353937373536383138223b6c6173745f636865636b7c693a313539373735383436363b),
('2vj5ml8tdbrfh1id6c45o6rjnm4n3156', '::1', 1597764019, 0x5f5f63695f6c6173745f726567656e65726174657c693a313539373736343031393b6964656e746974797c733a31333a2261646d696e6973747261746f72223b757365726e616d657c733a31333a2261646d696e6973747261746f72223b656d61696c7c733a31353a2261646d696e4061646d696e2e636f6d223b757365725f69647c733a313a2231223b6f6c645f6c6173745f6c6f67696e7c733a31303a2231353937373536383138223b6c6173745f636865636b7c693a313539373735383436363b),
('r2oovmdvqsd1i1lv53vulfhvat2vk6e2', '::1', 1597764330, 0x5f5f63695f6c6173745f726567656e65726174657c693a313539373736343333303b6964656e746974797c733a31333a2261646d696e6973747261746f72223b757365726e616d657c733a31333a2261646d696e6973747261746f72223b656d61696c7c733a31353a2261646d696e4061646d696e2e636f6d223b757365725f69647c733a313a2231223b6f6c645f6c6173745f6c6f67696e7c733a31303a2231353937373536383138223b6c6173745f636865636b7c693a313539373735383436363b),
('fgifl19m5ee4uomveg362eug8fn91oi1', '::1', 1597764658, 0x5f5f63695f6c6173745f726567656e65726174657c693a313539373736343635383b6964656e746974797c733a31333a2261646d696e6973747261746f72223b757365726e616d657c733a31333a2261646d696e6973747261746f72223b656d61696c7c733a31353a2261646d696e4061646d696e2e636f6d223b757365725f69647c733a313a2231223b6f6c645f6c6173745f6c6f67696e7c733a31303a2231353937373536383138223b6c6173745f636865636b7c693a313539373735383436363b),
('3aonfqf83kgr66lv95jpjd05nl0q8mem', '::1', 1597765062, 0x5f5f63695f6c6173745f726567656e65726174657c693a313539373736353036323b6964656e746974797c733a31333a2261646d696e6973747261746f72223b757365726e616d657c733a31333a2261646d696e6973747261746f72223b656d61696c7c733a31353a2261646d696e4061646d696e2e636f6d223b757365725f69647c733a313a2231223b6f6c645f6c6173745f6c6f67696e7c733a31303a2231353937373536383138223b6c6173745f636865636b7c693a313539373735383436363b),
('g078k02qtc8515h66h56p2ot6ib6280o', '::1', 1597765475, 0x5f5f63695f6c6173745f726567656e65726174657c693a313539373736353437353b6964656e746974797c733a31333a2261646d696e6973747261746f72223b757365726e616d657c733a31333a2261646d696e6973747261746f72223b656d61696c7c733a31353a2261646d696e4061646d696e2e636f6d223b757365725f69647c733a313a2231223b6f6c645f6c6173745f6c6f67696e7c733a31303a2231353937373536383138223b6c6173745f636865636b7c693a313539373735383436363b),
('0tkuqsemvh43gbi4lefv3rco7c0vkdmh', '::1', 1597765793, 0x5f5f63695f6c6173745f726567656e65726174657c693a313539373736353739333b6964656e746974797c733a31333a2261646d696e6973747261746f72223b757365726e616d657c733a31333a2261646d696e6973747261746f72223b656d61696c7c733a31353a2261646d696e4061646d696e2e636f6d223b757365725f69647c733a313a2231223b6f6c645f6c6173745f6c6f67696e7c733a31303a2231353937373536383138223b6c6173745f636865636b7c693a313539373735383436363b),
('r7v9l8b9dm11p1apas583cpkl2jg1a43', '::1', 1597766171, 0x5f5f63695f6c6173745f726567656e65726174657c693a313539373736363137313b6964656e746974797c733a31333a2261646d696e6973747261746f72223b757365726e616d657c733a31333a2261646d696e6973747261746f72223b656d61696c7c733a31353a2261646d696e4061646d696e2e636f6d223b757365725f69647c733a313a2231223b6f6c645f6c6173745f6c6f67696e7c733a31303a2231353937373536383138223b6c6173745f636865636b7c693a313539373735383436363b),
('rost5iamk80gmo74nl9ps0tdru9i0i1s', '::1', 1597766578, 0x5f5f63695f6c6173745f726567656e65726174657c693a313539373736363537383b6964656e746974797c733a31333a2261646d696e6973747261746f72223b757365726e616d657c733a31333a2261646d696e6973747261746f72223b656d61696c7c733a31353a2261646d696e4061646d696e2e636f6d223b757365725f69647c733a313a2231223b6f6c645f6c6173745f6c6f67696e7c733a31303a2231353937373536383138223b6c6173745f636865636b7c693a313539373735383436363b),
('2dfjrlc1pjspk8t01eqc782pd0hcvo07', '::1', 1597766927, 0x5f5f63695f6c6173745f726567656e65726174657c693a313539373736363932373b6964656e746974797c733a31333a2261646d696e6973747261746f72223b757365726e616d657c733a31333a2261646d696e6973747261746f72223b656d61696c7c733a31353a2261646d696e4061646d696e2e636f6d223b757365725f69647c733a313a2231223b6f6c645f6c6173745f6c6f67696e7c733a31303a2231353937373536383138223b6c6173745f636865636b7c693a313539373735383436363b),
('cu1ope031mto054k5u697mnqdk8nd0sn', '::1', 1597767495, 0x5f5f63695f6c6173745f726567656e65726174657c693a313539373736373439353b6964656e746974797c733a31333a2261646d696e6973747261746f72223b757365726e616d657c733a31333a2261646d696e6973747261746f72223b656d61696c7c733a31353a2261646d696e4061646d696e2e636f6d223b757365725f69647c733a313a2231223b6f6c645f6c6173745f6c6f67696e7c733a31303a2231353937373536383138223b6c6173745f636865636b7c693a313539373735383436363b),
('osvvbil23q2036geuqo7kituii787gle', '::1', 1597767912, 0x5f5f63695f6c6173745f726567656e65726174657c693a313539373736373931323b6964656e746974797c733a31333a2261646d696e6973747261746f72223b757365726e616d657c733a31333a2261646d696e6973747261746f72223b656d61696c7c733a31353a2261646d696e4061646d696e2e636f6d223b757365725f69647c733a313a2231223b6f6c645f6c6173745f6c6f67696e7c733a31303a2231353937373536383138223b6c6173745f636865636b7c693a313539373735383436363b),
('7u54pmgvu0b20nskseikbt6of5j79tdi', '::1', 1597768221, 0x5f5f63695f6c6173745f726567656e65726174657c693a313539373736383232313b6964656e746974797c733a31333a2261646d696e6973747261746f72223b757365726e616d657c733a31333a2261646d696e6973747261746f72223b656d61696c7c733a31353a2261646d696e4061646d696e2e636f6d223b757365725f69647c733a313a2231223b6f6c645f6c6173745f6c6f67696e7c733a31303a2231353937373536383138223b6c6173745f636865636b7c693a313539373735383436363b),
('rd70a6fminbnhesuesmoiflb68ss8oqm', '::1', 1597768584, 0x5f5f63695f6c6173745f726567656e65726174657c693a313539373736383538343b6964656e746974797c733a31333a2261646d696e6973747261746f72223b757365726e616d657c733a31333a2261646d696e6973747261746f72223b656d61696c7c733a31353a2261646d696e4061646d696e2e636f6d223b757365725f69647c733a313a2231223b6f6c645f6c6173745f6c6f67696e7c733a31303a2231353937373536383138223b6c6173745f636865636b7c693a313539373735383436363b),
('8679ft0ahua92m1llc8m0ij8qr32uree', '::1', 1597768897, 0x5f5f63695f6c6173745f726567656e65726174657c693a313539373736383839373b6964656e746974797c733a31333a2261646d696e6973747261746f72223b757365726e616d657c733a31333a2261646d696e6973747261746f72223b656d61696c7c733a31353a2261646d696e4061646d696e2e636f6d223b757365725f69647c733a313a2231223b6f6c645f6c6173745f6c6f67696e7c733a31303a2231353937373536383138223b6c6173745f636865636b7c693a313539373735383436363b),
('peigqv5m060cthe1u3vdvqqumorae0ef', '::1', 1597769017, 0x5f5f63695f6c6173745f726567656e65726174657c693a313539373736383839373b6964656e746974797c733a31333a2261646d696e6973747261746f72223b757365726e616d657c733a31333a2261646d696e6973747261746f72223b656d61696c7c733a31353a2261646d696e4061646d696e2e636f6d223b757365725f69647c733a313a2231223b6f6c645f6c6173745f6c6f67696e7c733a31303a2231353937373536383138223b6c6173745f636865636b7c693a313539373735383436363b5f5f63695f766172737c613a313a7b733a373a226d657373616765223b733a333a226f6c64223b7d),
('2ob6rh8frb59tr3ab299aceu6uh0q13f', '::1', 1597798808, 0x5f5f63695f6c6173745f726567656e65726174657c693a313539373739383830383b6964656e746974797c733a31333a2261646d696e6973747261746f72223b757365726e616d657c733a31333a2261646d696e6973747261746f72223b656d61696c7c733a31353a2261646d696e4061646d696e2e636f6d223b757365725f69647c733a313a2231223b6f6c645f6c6173745f6c6f67696e7c733a31303a2231353937373538343636223b6c6173745f636865636b7c693a313539373739383530333b),
('92juns0bdje7frj94dshu8ao9e5bajvv', '::1', 1597799129, 0x5f5f63695f6c6173745f726567656e65726174657c693a313539373739393132393b6964656e746974797c733a31333a2261646d696e6973747261746f72223b757365726e616d657c733a31333a2261646d696e6973747261746f72223b656d61696c7c733a31353a2261646d696e4061646d696e2e636f6d223b757365725f69647c733a313a2231223b6f6c645f6c6173745f6c6f67696e7c733a31303a2231353937373538343636223b6c6173745f636865636b7c693a313539373739383530333b),
('q19bae2j6nh3930ponqvefl1t1m84bg4', '::1', 1597799444, 0x5f5f63695f6c6173745f726567656e65726174657c693a313539373739393434343b6964656e746974797c733a31333a2261646d696e6973747261746f72223b757365726e616d657c733a31333a2261646d696e6973747261746f72223b656d61696c7c733a31353a2261646d696e4061646d696e2e636f6d223b757365725f69647c733a313a2231223b6f6c645f6c6173745f6c6f67696e7c733a31303a2231353937373538343636223b6c6173745f636865636b7c693a313539373739383530333b),
('rqj4vurp7n3bfg92k9et7sk885lpa70e', '::1', 1597799770, 0x5f5f63695f6c6173745f726567656e65726174657c693a313539373739393737303b6964656e746974797c733a31333a2261646d696e6973747261746f72223b757365726e616d657c733a31333a2261646d696e6973747261746f72223b656d61696c7c733a31353a2261646d696e4061646d696e2e636f6d223b757365725f69647c733a313a2231223b6f6c645f6c6173745f6c6f67696e7c733a31303a2231353937373538343636223b6c6173745f636865636b7c693a313539373739383530333b),
('7rq7tdfasp1942o892i1o33cptr7oesi', '::1', 1597799974, 0x5f5f63695f6c6173745f726567656e65726174657c693a313539373739393737303b6964656e746974797c733a31333a2261646d696e6973747261746f72223b757365726e616d657c733a31333a2261646d696e6973747261746f72223b656d61696c7c733a31353a2261646d696e4061646d696e2e636f6d223b757365725f69647c733a313a2231223b6f6c645f6c6173745f6c6f67696e7c733a31303a2231353937373538343636223b6c6173745f636865636b7c693a313539373739383530333b),
('6nv2qlde5srov40ipc6sfo76g2qn2u8t', '::1', 1597840480, 0x5f5f63695f6c6173745f726567656e65726174657c693a313539373834303435393b6964656e746974797c733a31333a2261646d696e6973747261746f72223b757365726e616d657c733a31333a2261646d696e6973747261746f72223b656d61696c7c733a31353a2261646d696e4061646d696e2e636f6d223b757365725f69647c733a313a2231223b6f6c645f6c6173745f6c6f67696e7c733a31303a2231353937383034323839223b6c6173745f636865636b7c693a313539373834303436393b637372666b65797c733a383a22487749655a643879223b5f5f63695f766172737c613a323a7b733a373a22637372666b6579223b733a333a226e6577223b733a393a226373726676616c7565223b733a333a226e6577223b7d6373726676616c75657c733a32303a22584c34484b5a4a794f7675666c6171524d55506d223b),
('jb0mr8ir9gpnle31vfctlfigjt2454b0', '::1', 1597856666, 0x5f5f63695f6c6173745f726567656e65726174657c693a313539373835363531333b6964656e746974797c733a31333a2261646d696e6973747261746f72223b757365726e616d657c733a31333a2261646d696e6973747261746f72223b656d61696c7c733a31353a2261646d696e4061646d696e2e636f6d223b757365725f69647c733a313a2231223b6f6c645f6c6173745f6c6f67696e7c733a31303a2231353937383430343639223b6c6173745f636865636b7c693a313539373835363532383b6d6573736167657c733a3135333a223c64697620636c6173733d22616c65727420616c6572742d696e666f223e3c627574746f6e20747970653d22627574746f6e2220636c6173733d22636c6f73652220646174612d6469736d6973733d22616c6572742220617269612d68696464656e3d2274727565223e2674696d65733b3c2f627574746f6e3e50617373776f726420526573657420456d61696c2053656e743c2f6469763e223b5f5f63695f766172737c613a313a7b733a373a226d657373616765223b733a333a226f6c64223b7d),
('168oiksgfm2geahpuqqg0fatmoo1svah', '::1', 1597919677, 0x5f5f63695f6c6173745f726567656e65726174657c693a313539373931393637373b),
('rmo2ah3g5i26vv3kbb0pk3pj8vtg00vc', '::1', 1597919677, 0x5f5f63695f6c6173745f726567656e65726174657c693a313539373931393637373b),
('t2qc5kamsqe5fhb8phnoa8da1p58uo8r', '::1', 1597929892, 0x5f5f63695f6c6173745f726567656e65726174657c693a313539373932393839313b),
('smlfd27l9ub4v97jf5f8fpmcf5311e3m', '::1', 1597929892, 0x5f5f63695f6c6173745f726567656e65726174657c693a313539373932393839313b),
('vjqht1tdlvtda84smu6jt4nujjjo3095', '::1', 1597981288, 0x5f5f63695f6c6173745f726567656e65726174657c693a313539373938313238383b6964656e746974797c733a31333a2261646d696e6973747261746f72223b757365726e616d657c733a31333a2261646d696e6973747261746f72223b656d61696c7c733a31353a2261646d696e4061646d696e2e636f6d223b757365725f69647c733a313a2231223b6f6c645f6c6173745f6c6f67696e7c733a31303a2231353937383536353238223b6c6173745f636865636b7c693a313539373937353338383b),
('9b8j9em1luqvbj246iohsvmrlv947nhk', '::1', 1597981769, 0x5f5f63695f6c6173745f726567656e65726174657c693a313539373938313736393b6964656e746974797c733a31333a2261646d696e6973747261746f72223b757365726e616d657c733a31333a2261646d696e6973747261746f72223b656d61696c7c733a31353a2261646d696e4061646d696e2e636f6d223b757365725f69647c733a313a2231223b6f6c645f6c6173745f6c6f67696e7c733a31303a2231353937383536353238223b6c6173745f636865636b7c693a313539373937353338383b),
('o8e7gugor71m16dp315f5ti8403e69b2', '::1', 1597982100, 0x5f5f63695f6c6173745f726567656e65726174657c693a313539373938323130303b6964656e746974797c733a31333a2261646d696e6973747261746f72223b757365726e616d657c733a31333a2261646d696e6973747261746f72223b656d61696c7c733a31353a2261646d696e4061646d696e2e636f6d223b757365725f69647c733a313a2231223b6f6c645f6c6173745f6c6f67696e7c733a31303a2231353937383536353238223b6c6173745f636865636b7c693a313539373937353338383b),
('c5i0gof9mt0j2g2p9nlou93flfuehkv9', '::1', 1597982881, 0x5f5f63695f6c6173745f726567656e65726174657c693a313539373938323838313b6964656e746974797c733a31333a2261646d696e6973747261746f72223b757365726e616d657c733a31333a2261646d696e6973747261746f72223b656d61696c7c733a31353a2261646d696e4061646d696e2e636f6d223b757365725f69647c733a313a2231223b6f6c645f6c6173745f6c6f67696e7c733a31303a2231353937383536353238223b6c6173745f636865636b7c693a313539373937353338383b),
('u1qugpj8n0rgiivbqmgtk458j6qn48jj', '::1', 1597983207, 0x5f5f63695f6c6173745f726567656e65726174657c693a313539373938333230373b6964656e746974797c733a31333a2261646d696e6973747261746f72223b757365726e616d657c733a31333a2261646d696e6973747261746f72223b656d61696c7c733a31353a2261646d696e4061646d696e2e636f6d223b757365725f69647c733a313a2231223b6f6c645f6c6173745f6c6f67696e7c733a31303a2231353937383536353238223b6c6173745f636865636b7c693a313539373937353338383b),
('m23cpnaegf6aunqieu426p09ngdkb7bl', '::1', 1597983550, 0x5f5f63695f6c6173745f726567656e65726174657c693a313539373938333535303b6964656e746974797c733a31333a2261646d696e6973747261746f72223b757365726e616d657c733a31333a2261646d696e6973747261746f72223b656d61696c7c733a31353a2261646d696e4061646d696e2e636f6d223b757365725f69647c733a313a2231223b6f6c645f6c6173745f6c6f67696e7c733a31303a2231353937383536353238223b6c6173745f636865636b7c693a313539373937353338383b),
('ussrnohmuq7ttdulmd6a2mttfp5pd85e', '::1', 1597984026, 0x5f5f63695f6c6173745f726567656e65726174657c693a313539373938343032363b6964656e746974797c733a31333a2261646d696e6973747261746f72223b757365726e616d657c733a31333a2261646d696e6973747261746f72223b656d61696c7c733a31353a2261646d696e4061646d696e2e636f6d223b757365725f69647c733a313a2231223b6f6c645f6c6173745f6c6f67696e7c733a31303a2231353937383536353238223b6c6173745f636865636b7c693a313539373937353338383b),
('peufpefhdkjb4u88mr9fbomfmpun7j67', '::1', 1597984481, 0x5f5f63695f6c6173745f726567656e65726174657c693a313539373938343438313b6964656e746974797c733a31333a2261646d696e6973747261746f72223b757365726e616d657c733a31333a2261646d696e6973747261746f72223b656d61696c7c733a31353a2261646d696e4061646d696e2e636f6d223b757365725f69647c733a313a2231223b6f6c645f6c6173745f6c6f67696e7c733a31303a2231353937383536353238223b6c6173745f636865636b7c693a313539373937353338383b),
('khoaf0f96rilfd8270od4aqtftom3489', '::1', 1597984783, 0x5f5f63695f6c6173745f726567656e65726174657c693a313539373938343738333b6964656e746974797c733a31333a2261646d696e6973747261746f72223b757365726e616d657c733a31333a2261646d696e6973747261746f72223b656d61696c7c733a31353a2261646d696e4061646d696e2e636f6d223b757365725f69647c733a313a2231223b6f6c645f6c6173745f6c6f67696e7c733a31303a2231353937383536353238223b6c6173745f636865636b7c693a313539373937353338383b),
('7t1b2h2m83jp5lpnk83qicgmc1pltkqm', '::1', 1597985136, 0x5f5f63695f6c6173745f726567656e65726174657c693a313539373938353133363b6964656e746974797c733a31333a2261646d696e6973747261746f72223b757365726e616d657c733a31333a2261646d696e6973747261746f72223b656d61696c7c733a31353a2261646d696e4061646d696e2e636f6d223b757365725f69647c733a313a2231223b6f6c645f6c6173745f6c6f67696e7c733a31303a2231353937383536353238223b6c6173745f636865636b7c693a313539373937353338383b),
('6bccacfnqse6toj17dqg9vhg2uhiuehh', '::1', 1597985459, 0x5f5f63695f6c6173745f726567656e65726174657c693a313539373938353435393b6964656e746974797c733a31333a2261646d696e6973747261746f72223b757365726e616d657c733a31333a2261646d696e6973747261746f72223b656d61696c7c733a31353a2261646d696e4061646d696e2e636f6d223b757365725f69647c733a313a2231223b6f6c645f6c6173745f6c6f67696e7c733a31303a2231353937383536353238223b6c6173745f636865636b7c693a313539373937353338383b),
('p9msr3q5ad1llsk9tmr4lcb44qeb1qjm', '::1', 1597991866, 0x5f5f63695f6c6173745f726567656e65726174657c693a313539373939313836363b6964656e746974797c733a31333a2261646d696e6973747261746f72223b757365726e616d657c733a31333a2261646d696e6973747261746f72223b656d61696c7c733a31353a2261646d696e4061646d696e2e636f6d223b757365725f69647c733a313a2231223b6f6c645f6c6173745f6c6f67696e7c733a31303a2231353937383536353238223b6c6173745f636865636b7c693a313539373937353338383b6d6573736167657c733a3136373a223c64697620636c6173733d22616c65727420616c6572742d73756363657373223e3c627574746f6e20747970653d22627574746f6e2220636c6173733d22636c6f73652220646174612d6469736d6973733d22616c6572742220617269612d68696464656e3d2274727565223e2674696d65733b3c2f627574746f6e3e53656172636820726573756c74732077697468206b6579776f726420274b6172647573273c2f6469763e223b5f5f63695f766172737c613a313a7b733a373a226d657373616765223b733a333a226e6577223b7d),
('luclffue7hhu2dho8r8suiae0m01nboj', '::1', 1597992167, 0x5f5f63695f6c6173745f726567656e65726174657c693a313539373939323136373b6964656e746974797c733a31333a2261646d696e6973747261746f72223b757365726e616d657c733a31333a2261646d696e6973747261746f72223b656d61696c7c733a31353a2261646d696e4061646d696e2e636f6d223b757365725f69647c733a313a2231223b6f6c645f6c6173745f6c6f67696e7c733a31303a2231353937383536353238223b6c6173745f636865636b7c693a313539373937353338383b5f5f63695f766172737c613a313a7b733a373a226d657373616765223b733a333a226f6c64223b7d),
('vqjucedco2aicgupihhe8hd75noes62g', '::1', 1597992745, 0x5f5f63695f6c6173745f726567656e65726174657c693a313539373939323734353b6964656e746974797c733a31333a2261646d696e6973747261746f72223b757365726e616d657c733a31333a2261646d696e6973747261746f72223b656d61696c7c733a31353a2261646d696e4061646d696e2e636f6d223b757365725f69647c733a313a2231223b6f6c645f6c6173745f6c6f67696e7c733a31303a2231353937383536353238223b6c6173745f636865636b7c693a313539373937353338383b),
('gp7iv4fa5fmsqn3plqrgj83m5f0174ur', '::1', 1597993162, 0x5f5f63695f6c6173745f726567656e65726174657c693a313539373939333136323b6964656e746974797c733a31333a2261646d696e6973747261746f72223b757365726e616d657c733a31333a2261646d696e6973747261746f72223b656d61696c7c733a31353a2261646d696e4061646d696e2e636f6d223b757365725f69647c733a313a2231223b6f6c645f6c6173745f6c6f67696e7c733a31303a2231353937383536353238223b6c6173745f636865636b7c693a313539373937353338383b5f5f63695f766172737c613a313a7b733a373a226d657373616765223b733a333a226f6c64223b7d),
('i56k5fm4iecbvh65a2tjrdql1ifkudpn', '::1', 1597994167, 0x5f5f63695f6c6173745f726567656e65726174657c693a313539373939343136373b6964656e746974797c733a31333a2261646d696e6973747261746f72223b757365726e616d657c733a31333a2261646d696e6973747261746f72223b656d61696c7c733a31353a2261646d696e4061646d696e2e636f6d223b757365725f69647c733a313a2231223b6f6c645f6c6173745f6c6f67696e7c733a31303a2231353937383536353238223b6c6173745f636865636b7c693a313539373937353338383b),
('7npj3rgme8vk28rh0jgum8941kja3q4o', '::1', 1597994565, 0x5f5f63695f6c6173745f726567656e65726174657c693a313539373939343536353b6964656e746974797c733a31333a2261646d696e6973747261746f72223b757365726e616d657c733a31333a2261646d696e6973747261746f72223b656d61696c7c733a31353a2261646d696e4061646d696e2e636f6d223b757365725f69647c733a313a2231223b6f6c645f6c6173745f6c6f67696e7c733a31303a2231353937383536353238223b6c6173745f636865636b7c693a313539373937353338383b),
('klbpi2g5k3jilb4ld3jrn1ouqmvaijp7', '::1', 1597994664, 0x5f5f63695f6c6173745f726567656e65726174657c693a313539373939343536353b6964656e746974797c733a31333a2261646d696e6973747261746f72223b757365726e616d657c733a31333a2261646d696e6973747261746f72223b656d61696c7c733a31353a2261646d696e4061646d696e2e636f6d223b757365725f69647c733a313a2231223b6f6c645f6c6173745f6c6f67696e7c733a31303a2231353937383536353238223b6c6173745f636865636b7c693a313539373937353338383b),
('lc74j342751djog9q59vtaq5fqfbbipm', '::1', 1598232984, 0x5f5f63695f6c6173745f726567656e65726174657c693a313539383233323936313b6964656e746974797c733a31333a2261646d696e6973747261746f72223b757365726e616d657c733a31333a2261646d696e6973747261746f72223b656d61696c7c733a31353a2261646d696e4061646d696e2e636f6d223b757365725f69647c733a313a2231223b6f6c645f6c6173745f6c6f67696e7c733a31303a2231353937393735333838223b6c6173745f636865636b7c693a313539383233323937383b),
('suikbs2u738a07nokvm8tiita7iorn5h', '::1', 1598250499, 0x5f5f63695f6c6173745f726567656e65726174657c693a313539383235303436373b6964656e746974797c733a31333a2261646d696e6973747261746f72223b757365726e616d657c733a31333a2261646d696e6973747261746f72223b656d61696c7c733a31353a2261646d696e4061646d696e2e636f6d223b757365725f69647c733a313a2231223b6f6c645f6c6173745f6c6f67696e7c733a31303a2231353938323332393738223b6c6173745f636865636b7c693a313539383235303439333b),
('q1pkci4fo0al9kfp1ac0ovulh0f96s2r', '::1', 1598317844, 0x5f5f63695f6c6173745f726567656e65726174657c693a313539383331373834343b6964656e746974797c733a31333a2261646d696e6973747261746f72223b757365726e616d657c733a31333a2261646d696e6973747261746f72223b656d61696c7c733a31353a2261646d696e4061646d696e2e636f6d223b757365725f69647c733a313a2231223b6f6c645f6c6173745f6c6f67696e7c733a31303a2231353938323530343933223b6c6173745f636865636b7c693a313539383331373436353b),
('qs9jg873bb5ied26b7sbq4b6n62alu1k', '::1', 1598318344, 0x5f5f63695f6c6173745f726567656e65726174657c693a313539383331383334343b6964656e746974797c733a31333a2261646d696e6973747261746f72223b757365726e616d657c733a31333a2261646d696e6973747261746f72223b656d61696c7c733a31353a2261646d696e4061646d696e2e636f6d223b757365725f69647c733a313a2231223b6f6c645f6c6173745f6c6f67696e7c733a31303a2231353938323530343933223b6c6173745f636865636b7c693a313539383331373436353b),
('4rosidlr34c61nvujj72oufjaot5usls', '::1', 1598318743, 0x5f5f63695f6c6173745f726567656e65726174657c693a313539383331383734333b6964656e746974797c733a31333a2261646d696e6973747261746f72223b757365726e616d657c733a31333a2261646d696e6973747261746f72223b656d61696c7c733a31353a2261646d696e4061646d696e2e636f6d223b757365725f69647c733a313a2231223b6f6c645f6c6173745f6c6f67696e7c733a31303a2231353938323530343933223b6c6173745f636865636b7c693a313539383331373436353b),
('6b1m34f8929b2co7dikiu56q9gi3tt8o', '::1', 1598319107, 0x5f5f63695f6c6173745f726567656e65726174657c693a313539383331393130373b6964656e746974797c733a31333a2261646d696e6973747261746f72223b757365726e616d657c733a31333a2261646d696e6973747261746f72223b656d61696c7c733a31353a2261646d696e4061646d696e2e636f6d223b757365725f69647c733a313a2231223b6f6c645f6c6173745f6c6f67696e7c733a31303a2231353938323530343933223b6c6173745f636865636b7c693a313539383331373436353b),
('obcnvqmf8tgeemgoame1qaufrro4v1iu', '::1', 1598319475, 0x5f5f63695f6c6173745f726567656e65726174657c693a313539383331393437353b6964656e746974797c733a31333a2261646d696e6973747261746f72223b757365726e616d657c733a31333a2261646d696e6973747261746f72223b656d61696c7c733a31353a2261646d696e4061646d696e2e636f6d223b757365725f69647c733a313a2231223b6f6c645f6c6173745f6c6f67696e7c733a31303a2231353938323530343933223b6c6173745f636865636b7c693a313539383331373436353b);
INSERT INTO `invenitri_session` (`id`, `ip_address`, `timestamp`, `data`) VALUES
('7i20gqi7ien1comtpuih4lho99s0o8lm', '::1', 1598319874, 0x5f5f63695f6c6173745f726567656e65726174657c693a313539383331393837343b6964656e746974797c733a31333a2261646d696e6973747261746f72223b757365726e616d657c733a31333a2261646d696e6973747261746f72223b656d61696c7c733a31353a2261646d696e4061646d696e2e636f6d223b757365725f69647c733a313a2231223b6f6c645f6c6173745f6c6f67696e7c733a31303a2231353938323530343933223b6c6173745f636865636b7c693a313539383331373436353b),
('9d3roo4svndjo8ch279a3q7hla39p0vb', '::1', 1598320419, 0x5f5f63695f6c6173745f726567656e65726174657c693a313539383332303431393b6964656e746974797c733a31333a2261646d696e6973747261746f72223b757365726e616d657c733a31333a2261646d696e6973747261746f72223b656d61696c7c733a31353a2261646d696e4061646d696e2e636f6d223b757365725f69647c733a313a2231223b6f6c645f6c6173745f6c6f67696e7c733a31303a2231353938323530343933223b6c6173745f636865636b7c693a313539383331373436353b),
('h78keb4c6bo2gut2mqj3r804pa47ib0q', '::1', 1598321098, 0x5f5f63695f6c6173745f726567656e65726174657c693a313539383332313039383b6964656e746974797c733a31333a2261646d696e6973747261746f72223b757365726e616d657c733a31333a2261646d696e6973747261746f72223b656d61696c7c733a31353a2261646d696e4061646d696e2e636f6d223b757365725f69647c733a313a2231223b6f6c645f6c6173745f6c6f67696e7c733a31303a2231353938323530343933223b6c6173745f636865636b7c693a313539383331373436353b),
('jvmsgec5jjq81dnu7clv8nbtg3otlo6e', '::1', 1598321415, 0x5f5f63695f6c6173745f726567656e65726174657c693a313539383332313431353b6964656e746974797c733a31333a2261646d696e6973747261746f72223b757365726e616d657c733a31333a2261646d696e6973747261746f72223b656d61696c7c733a31353a2261646d696e4061646d696e2e636f6d223b757365725f69647c733a313a2231223b6f6c645f6c6173745f6c6f67696e7c733a31303a2231353938323530343933223b6c6173745f636865636b7c693a313539383331373436353b),
('8drbk74u6vjvogr7gfer21ot5nhu5tkr', '::1', 1598322188, 0x5f5f63695f6c6173745f726567656e65726174657c693a313539383332323138383b6964656e746974797c733a31333a2261646d696e6973747261746f72223b757365726e616d657c733a31333a2261646d696e6973747261746f72223b656d61696c7c733a31353a2261646d696e4061646d696e2e636f6d223b757365725f69647c733a313a2231223b6f6c645f6c6173745f6c6f67696e7c733a31303a2231353938323530343933223b6c6173745f636865636b7c693a313539383331373436353b),
('egmmujksv2tpc0dvbbea0nhd5uvukid6', '::1', 1598322988, 0x5f5f63695f6c6173745f726567656e65726174657c693a313539383332323938383b6964656e746974797c733a31333a2261646d696e6973747261746f72223b757365726e616d657c733a31333a2261646d696e6973747261746f72223b656d61696c7c733a31353a2261646d696e4061646d696e2e636f6d223b757365725f69647c733a313a2231223b6f6c645f6c6173745f6c6f67696e7c733a31303a2231353938323530343933223b6c6173745f636865636b7c693a313539383331373436353b),
('o731ps13rra0b6o7rja3urkd3q50tdop', '::1', 1598322686, 0x5f5f63695f6c6173745f726567656e65726174657c693a313539383332323638333b6964656e746974797c733a31333a2261646d696e6973747261746f72223b757365726e616d657c733a31333a2261646d696e6973747261746f72223b656d61696c7c733a31353a2261646d696e4061646d696e2e636f6d223b757365725f69647c733a313a2231223b6f6c645f6c6173745f6c6f67696e7c733a31303a2231353938323530343933223b6c6173745f636865636b7c693a313539383331373436353b6d6573736167657c733a3135323a223c64697620636c6173733d22616c65727420616c6572742d696e666f223e3c627574746f6e20747970653d22627574746f6e2220636c6173733d22636c6f73652220646174612d6469736d6973733d22616c6572742220617269612d68696464656e3d2274727565223e2674696d65733b3c2f627574746f6e3e44617461205361766564205375636365737366756c6c79213c2f6469763e223b5f5f63695f766172737c613a313a7b733a373a226d657373616765223b733a333a226e6577223b7d),
('t2cqfu5uls9gtnic8b2c7af1m3uhsqci', '::1', 1598323483, 0x5f5f63695f6c6173745f726567656e65726174657c693a313539383332333438333b6964656e746974797c733a31333a2261646d696e6973747261746f72223b757365726e616d657c733a31333a2261646d696e6973747261746f72223b656d61696c7c733a31353a2261646d696e4061646d696e2e636f6d223b757365725f69647c733a313a2231223b6f6c645f6c6173745f6c6f67696e7c733a31303a2231353938323530343933223b6c6173745f636865636b7c693a313539383331373436353b6d6573736167657c733a3135323a223c64697620636c6173733d22616c65727420616c6572742d696e666f223e3c627574746f6e20747970653d22627574746f6e2220636c6173733d22636c6f73652220646174612d6469736d6973733d22616c6572742220617269612d68696464656e3d2274727565223e2674696d65733b3c2f627574746f6e3e44617461205361766564205375636365737366756c6c79213c2f6469763e223b5f5f63695f766172737c613a313a7b733a373a226d657373616765223b733a333a226f6c64223b7d),
('9op9rqk2d2qhblge5khfo9l82pn3lc08', '::1', 1598323816, 0x5f5f63695f6c6173745f726567656e65726174657c693a313539383332333831363b6964656e746974797c733a31333a2261646d696e6973747261746f72223b757365726e616d657c733a31333a2261646d696e6973747261746f72223b656d61696c7c733a31353a2261646d696e4061646d696e2e636f6d223b757365725f69647c733a313a2231223b6f6c645f6c6173745f6c6f67696e7c733a31303a2231353938323530343933223b6c6173745f636865636b7c693a313539383331373436353b),
('86i3lv0pvtk8kl8f0kigb56vk0ha93n9', '::1', 1598324779, 0x5f5f63695f6c6173745f726567656e65726174657c693a313539383332343737393b6964656e746974797c733a31333a2261646d696e6973747261746f72223b757365726e616d657c733a31333a2261646d696e6973747261746f72223b656d61696c7c733a31353a2261646d696e4061646d696e2e636f6d223b757365725f69647c733a313a2231223b6f6c645f6c6173745f6c6f67696e7c733a31303a2231353938323530343933223b6c6173745f636865636b7c693a313539383331373436353b),
('nkqpjtft54onkklmgdgf26lbei92jgqf', '::1', 1598325244, 0x5f5f63695f6c6173745f726567656e65726174657c693a313539383332353234343b6964656e746974797c733a31333a2261646d696e6973747261746f72223b757365726e616d657c733a31333a2261646d696e6973747261746f72223b656d61696c7c733a31353a2261646d696e4061646d696e2e636f6d223b757365725f69647c733a313a2231223b6f6c645f6c6173745f6c6f67696e7c733a31303a2231353938323530343933223b6c6173745f636865636b7c693a313539383331373436353b),
('nrlaeam4l0eus2etc04lniun6q9spodo', '::1', 1598325961, 0x5f5f63695f6c6173745f726567656e65726174657c693a313539383332353936313b6964656e746974797c733a31333a2261646d696e6973747261746f72223b757365726e616d657c733a31333a2261646d696e6973747261746f72223b656d61696c7c733a31353a2261646d696e4061646d696e2e636f6d223b757365725f69647c733a313a2231223b6f6c645f6c6173745f6c6f67696e7c733a31303a2231353938323530343933223b6c6173745f636865636b7c693a313539383331373436353b),
('aicttpe41l1e8in7bo6oevr4jncvnt5i', '::1', 1598325965, 0x5f5f63695f6c6173745f726567656e65726174657c693a313539383332353936313b6964656e746974797c733a31333a2261646d696e6973747261746f72223b757365726e616d657c733a31333a2261646d696e6973747261746f72223b656d61696c7c733a31353a2261646d696e4061646d696e2e636f6d223b757365725f69647c733a313a2231223b6f6c645f6c6173745f6c6f67696e7c733a31303a2231353938323530343933223b6c6173745f636865636b7c693a313539383331373436353b),
('leshsq28tqcikvc6gl5m91e431u9loaa', '::1', 1598400481, 0x5f5f63695f6c6173745f726567656e65726174657c693a313539383430303336393b6964656e746974797c733a31333a2261646d696e6973747261746f72223b757365726e616d657c733a31333a2261646d696e6973747261746f72223b656d61696c7c733a31353a2261646d696e4061646d696e2e636f6d223b757365725f69647c733a313a2231223b6f6c645f6c6173745f6c6f67696e7c733a31303a2231353938333137343635223b6c6173745f636865636b7c693a313539383430303338363b),
('0pnj24ciel1ufokk5inp7kl5pt2p3mm0', '::1', 1598412522, 0x5f5f63695f6c6173745f726567656e65726174657c693a313539383431323532323b6964656e746974797c733a31333a2261646d696e6973747261746f72223b757365726e616d657c733a31333a2261646d696e6973747261746f72223b656d61696c7c733a31353a2261646d696e4061646d696e2e636f6d223b757365725f69647c733a313a2231223b6f6c645f6c6173745f6c6f67696e7c733a31303a2231353938343030333836223b6c6173745f636865636b7c693a313539383431323038363b6d6573736167657c733a3139303a223c64697620636c6173733d22616c65727420616c6572742d73756363657373223e3c627574746f6e20747970653d22627574746f6e2220636c6173733d22636c6f73652220646174612d6469736d6973733d22616c6572742220617269612d68696464656e3d2274727565223e2674696d65733b3c2f627574746f6e3e4c6f636174696f6e205361766564205375636365737366756c6c79213c62723e4661696c656420746f2075706c6f6164207468652070686f746f213c2f6469763e223b5f5f63695f766172737c613a313a7b733a373a226d657373616765223b733a333a226f6c64223b7d),
('6t7j47cumbov42c593ad094pfd21lcpn', '::1', 1598412086, 0x5f5f63695f6c6173745f726567656e65726174657c693a313539383431323038353b6964656e746974797c733a31333a2261646d696e6973747261746f72223b757365726e616d657c733a31333a2261646d696e6973747261746f72223b656d61696c7c733a31353a2261646d696e4061646d696e2e636f6d223b757365725f69647c733a313a2231223b6f6c645f6c6173745f6c6f67696e7c733a31303a2231353938343132303836223b6c6173745f636865636b7c693a313539383431323038363b),
('rcgbtlca2clrof0bh3ket5mv6fiheh3n', '::1', 1598412845, 0x5f5f63695f6c6173745f726567656e65726174657c693a313539383431323834353b6964656e746974797c733a31333a2261646d696e6973747261746f72223b757365726e616d657c733a31333a2261646d696e6973747261746f72223b656d61696c7c733a31353a2261646d696e4061646d696e2e636f6d223b757365725f69647c733a313a2231223b6f6c645f6c6173745f6c6f67696e7c733a31303a2231353938343030333836223b6c6173745f636865636b7c693a313539383431323038363b),
('n511sjo46aqb2ilfgl6sngpmi82odqrh', '::1', 1598413176, 0x5f5f63695f6c6173745f726567656e65726174657c693a313539383431333137363b6964656e746974797c733a31333a2261646d696e6973747261746f72223b757365726e616d657c733a31333a2261646d696e6973747261746f72223b656d61696c7c733a31353a2261646d696e4061646d696e2e636f6d223b757365725f69647c733a313a2231223b6f6c645f6c6173745f6c6f67696e7c733a31303a2231353938343030333836223b6c6173745f636865636b7c693a313539383431323038363b6d6573736167657c733a3139303a223c64697620636c6173733d22616c65727420616c6572742d73756363657373223e3c627574746f6e20747970653d22627574746f6e2220636c6173733d22636c6f73652220646174612d6469736d6973733d22616c6572742220617269612d68696464656e3d2274727565223e2674696d65733b3c2f627574746f6e3e4c6f636174696f6e205361766564205375636365737366756c6c79213c62723e4661696c656420746f2075706c6f6164207468652070686f746f213c2f6469763e223b5f5f63695f766172737c613a313a7b733a373a226d657373616765223b733a333a226f6c64223b7d),
('pq83v76tevf6jkkq83a0ibu1j28l4seh', '::1', 1598414038, 0x5f5f63695f6c6173745f726567656e65726174657c693a313539383431343033383b6964656e746974797c733a31333a2261646d696e6973747261746f72223b757365726e616d657c733a31333a2261646d696e6973747261746f72223b656d61696c7c733a31353a2261646d696e4061646d696e2e636f6d223b757365725f69647c733a313a2231223b6f6c645f6c6173745f6c6f67696e7c733a31303a2231353938343030333836223b6c6173745f636865636b7c693a313539383431323038363b6d6573736167657c733a3135323a223c64697620636c6173733d22616c65727420616c6572742d696e666f223e3c627574746f6e20747970653d22627574746f6e2220636c6173733d22636c6f73652220646174612d6469736d6973733d22616c6572742220617269612d68696464656e3d2274727565223e2674696d65733b3c2f627574746f6e3e44617461205361766564205375636365737366756c6c79213c2f6469763e223b5f5f63695f766172737c613a313a7b733a373a226d657373616765223b733a333a226f6c64223b7d),
('4oeetdjjoifb8ok7jonisp5umskr8ffu', '::1', 1598414348, 0x5f5f63695f6c6173745f726567656e65726174657c693a313539383431343334383b6964656e746974797c733a31333a2261646d696e6973747261746f72223b757365726e616d657c733a31333a2261646d696e6973747261746f72223b656d61696c7c733a31353a2261646d696e4061646d696e2e636f6d223b757365725f69647c733a313a2231223b6f6c645f6c6173745f6c6f67696e7c733a31303a2231353938343030333836223b6c6173745f636865636b7c693a313539383431323038363b),
('55oaen95md72vue0131eimass24hn8aq', '::1', 1598414349, 0x5f5f63695f6c6173745f726567656e65726174657c693a313539383431343334383b6964656e746974797c733a31333a2261646d696e6973747261746f72223b757365726e616d657c733a31333a2261646d696e6973747261746f72223b656d61696c7c733a31353a2261646d696e4061646d696e2e636f6d223b757365725f69647c733a313a2231223b6f6c645f6c6173745f6c6f67696e7c733a31303a2231353938343030333836223b6c6173745f636865636b7c693a313539383431323038363b5f5f63695f766172737c613a313a7b733a373a226d657373616765223b733a333a226f6c64223b7d),
('lg7fh29r51cmrtrth7lotjuv47sn037o', '::1', 1598702128, 0x5f5f63695f6c6173745f726567656e65726174657c693a313539383730323132383b6964656e746974797c733a31333a2261646d696e6973747261746f72223b757365726e616d657c733a31333a2261646d696e6973747261746f72223b656d61696c7c733a31353a2261646d696e4061646d696e2e636f6d223b757365725f69647c733a313a2231223b6f6c645f6c6173745f6c6f67696e7c733a31303a2231353938343132303836223b6c6173745f636865636b7c693a313539383730313630333b),
('t50ta4snnmt8c9atulm8qt02rqcjmabm', '::1', 1598702432, 0x5f5f63695f6c6173745f726567656e65726174657c693a313539383730323433323b6964656e746974797c733a31333a2261646d696e6973747261746f72223b757365726e616d657c733a31333a2261646d696e6973747261746f72223b656d61696c7c733a31353a2261646d696e4061646d696e2e636f6d223b757365725f69647c733a313a2231223b6f6c645f6c6173745f6c6f67696e7c733a31303a2231353938343132303836223b6c6173745f636865636b7c693a313539383730313630333b),
('abk65ckr28dicbrf23fcl92ukqd414lh', '::1', 1598702793, 0x5f5f63695f6c6173745f726567656e65726174657c693a313539383730323739333b6964656e746974797c733a31333a2261646d696e6973747261746f72223b757365726e616d657c733a31333a2261646d696e6973747261746f72223b656d61696c7c733a31353a2261646d696e4061646d696e2e636f6d223b757365725f69647c733a313a2231223b6f6c645f6c6173745f6c6f67696e7c733a31303a2231353938343132303836223b6c6173745f636865636b7c693a313539383730313630333b),
('du8acdnt10h5k53niefr1lplg7qlsl9d', '::1', 1598703273, 0x5f5f63695f6c6173745f726567656e65726174657c693a313539383730333237333b6964656e746974797c733a31333a2261646d696e6973747261746f72223b757365726e616d657c733a31333a2261646d696e6973747261746f72223b656d61696c7c733a31353a2261646d696e4061646d696e2e636f6d223b757365725f69647c733a313a2231223b6f6c645f6c6173745f6c6f67696e7c733a31303a2231353938343132303836223b6c6173745f636865636b7c693a313539383730313630333b6d6573736167657c733a3134363a223c64697620636c6173733d22616c65727420616c6572742d696e666f223e3c627574746f6e20747970653d22627574746f6e2220636c6173733d22636c6f73652220646174612d6469736d6973733d22616c6572742220617269612d68696464656e3d2274727565223e2674696d65733b3c2f627574746f6e3e496e76656e746f72792055706461746564213c2f6469763e223b),
('lhkp16hqpmeb59pi3u60ka29ub687su2', '::1', 1598703718, 0x5f5f63695f6c6173745f726567656e65726174657c693a313539383730333731383b6964656e746974797c733a31333a2261646d696e6973747261746f72223b757365726e616d657c733a31333a2261646d696e6973747261746f72223b656d61696c7c733a31353a2261646d696e4061646d696e2e636f6d223b757365725f69647c733a313a2231223b6f6c645f6c6173745f6c6f67696e7c733a31303a2231353938343132303836223b6c6173745f636865636b7c693a313539383730313630333b5f5f63695f766172737c613a313a7b733a373a226d657373616765223b733a333a226f6c64223b7d),
('o8c2mmkmth68184ufaemfcn7j3umsu5p', '::1', 1598703730, 0x5f5f63695f6c6173745f726567656e65726174657c693a313539383730333731383b6964656e746974797c733a31333a2261646d696e6973747261746f72223b757365726e616d657c733a31333a2261646d696e6973747261746f72223b656d61696c7c733a31353a2261646d696e4061646d696e2e636f6d223b757365725f69647c733a313a2231223b6f6c645f6c6173745f6c6f67696e7c733a31303a2231353938343132303836223b6c6173745f636865636b7c693a313539383730313630333b);

-- --------------------------------------------------------

--
-- Struktur dari tabel `inv_categories`
--

CREATE TABLE `inv_categories` (
  `id` int(12) UNSIGNED NOT NULL,
  `code` varchar(30) NOT NULL,
  `name` varchar(255) NOT NULL,
  `description` text DEFAULT NULL,
  `deleted` tinyint(1) NOT NULL DEFAULT 0 COMMENT '1 = deleted',
  `created_by` varchar(255) NOT NULL,
  `created_on` datetime NOT NULL,
  `updated_by` varchar(255) NOT NULL,
  `updated_on` datetime NOT NULL
) ENGINE=InnoDB DEFAULT CHARSET=latin1;

--
-- Dumping data untuk tabel `inv_categories`
--

INSERT INTO `inv_categories` (`id`, `code`, `name`, `description`, `deleted`, `created_by`, `created_on`, `updated_by`, `updated_on`) VALUES
(1, 'C1', 'Peminjaman', '<p>barang di pinjam<br></p>', 0, 'administrator', '2020-07-27 09:07:43', 'administrator', '2020-08-07 13:30:00'),
(2, 'C2', 'Sewa', '<p>Barang sewaaan<br></p>', 0, 'zulfiachsans', '2020-07-27 09:11:27', 'zulfiachsans', '2020-07-27 09:11:27'),
(3, 'C3', 'Bantuan', '<p>Barang Bantuan<br></p>', 0, 'administrator', '2020-08-07 11:48:49', 'administrator', '2020-08-07 13:29:49'),
(4, 'C4', 'Pembelian', '<p>Barang Beli<br></p>', 0, 'administrator', '2020-08-07 11:49:08', 'administrator', '2020-08-07 13:29:40');

-- --------------------------------------------------------

--
-- Struktur dari tabel `inv_datas`
--

CREATE TABLE `inv_datas` (
  `id` int(12) UNSIGNED NOT NULL,
  `code` varchar(255) NOT NULL,
  `category_id` int(12) NOT NULL COMMENT 'FK inv_category',
  `location_id` int(12) DEFAULT NULL COMMENT 'FK inv_location',
  `brand` varchar(255) DEFAULT NULL,
  `model` varchar(255) DEFAULT NULL,
  `serial_number` varchar(255) DEFAULT NULL,
  `status` int(12) DEFAULT 2 COMMENT 'FK master_status',
  `jumlah_datas` int(100) NOT NULL,
  `length` int(12) DEFAULT NULL COMMENT 'Panjang',
  `width` int(12) DEFAULT NULL COMMENT 'Lebar',
  `height` int(12) DEFAULT NULL COMMENT 'Tinggi',
  `weight` int(12) DEFAULT NULL COMMENT 'Berat',
  `color` varchar(20) DEFAULT NULL COMMENT 'Warna',
  `price` int(12) DEFAULT NULL COMMENT 'Harga Beli',
  `date_of_purchase` date DEFAULT NULL COMMENT 'Tgl Beli',
  `photo` text DEFAULT NULL COMMENT 'Foto',
  `thumbnail` text DEFAULT NULL COMMENT 'Thumb',
  `description` text DEFAULT NULL COMMENT 'Keterangan',
  `deleted` tinyint(1) NOT NULL DEFAULT 0,
  `created_by` varchar(255) NOT NULL,
  `created_on` datetime NOT NULL,
  `updated_by` varchar(255) NOT NULL,
  `updated_on` datetime NOT NULL
) ENGINE=InnoDB DEFAULT CHARSET=latin1;

--
-- Dumping data untuk tabel `inv_datas`
--

INSERT INTO `inv_datas` (`id`, `code`, `category_id`, `location_id`, `brand`, `model`, `serial_number`, `status`, `jumlah_datas`, `length`, `width`, `height`, `weight`, `color`, `price`, `date_of_purchase`, `photo`, `thumbnail`, `description`, `deleted`, `created_by`, `created_on`, `updated_by`, `updated_on`) VALUES
(1, 'A1-C3-0001', 3, 1, 'Sarimie', 'Makanan', '', 2, 80, 15, 10, 5, 10, 'Black', 200000, '2020-08-01', 'SarimieMakanan1817111106.jpg', 'SarimieMakanan1817111106_thumb.jpg', '<p>Jumlah Satuan Box<br></p>', 0, 'administrator', '2020-08-26 10:40:40', 'administrator', '2020-08-26 10:58:26'),
(2, 'A1-C3-0002', 3, 1, 'Aquarius', 'Minuman', '', 2, 100, 8, 8, 20, 10, 'Black', 200000, '2020-08-02', 'A1-C3-0002AquariusMinuman.jpg', 'A1-C3-0002AquariusMinuman_thumb.jpg', '<p>Jumlah Satuan Box<br></p>', 0, 'administrator', '2020-08-26 10:43:04', 'administrator', '2020-08-26 10:43:05'),
(3, 'A1-C1-0001', 1, 1, 'Gergaji Merah Biasa', 'Peralatan', '4111', 3, 1, 120, 50, 10, 2, 'Black', 500000, '2020-08-03', 'A1-C1-0001Gergaji_Merah_BiasaPeralatan.jpg', 'A1-C1-0001Gergaji_Merah_BiasaPeralatan_thumb.jpg', '<p>Jumlah Satuan Picis<br></p>', 0, 'administrator', '2020-08-26 10:53:58', 'administrator', '2020-08-26 10:59:08'),
(4, 'A2-C3-0001', 3, 2, 'Seafood', 'Makanan', '', 2, 20, 0, 0, 0, 20, 'Red', 300000, '2020-08-04', 'A2-C3-0001SeafoodMakanan.jpg', 'A2-C3-0001SeafoodMakanan_thumb.jpg', '<p>Jumlah Satuan KG<br></p>', 0, 'administrator', '2020-08-26 10:55:18', 'administrator', '2020-08-29 19:02:12'),
(5, 'A2-C3-0002', 3, 2, 'Popice', 'Minuman', '', 2, 10, 0, 0, 0, 1, 'Blue', 0, '2020-08-06', 'A2-C3-0002PopiceMinuman.jpg', 'A2-C3-0002PopiceMinuman_thumb.jpg', '<p>Jumlah Satuan Set<br></p>', 0, 'administrator', '2020-08-26 10:57:08', 'administrator', '2020-08-29 19:18:01');

-- --------------------------------------------------------

--
-- Struktur dari tabel `inv_keluar`
--

CREATE TABLE `inv_keluar` (
  `id` int(12) UNSIGNED NOT NULL,
  `code` varchar(255) NOT NULL,
  `category_id` int(12) NOT NULL COMMENT 'FK inv_category',
  `location_id` int(12) DEFAULT NULL COMMENT 'FK inv_location',
  `brand` varchar(255) DEFAULT NULL,
  `model` varchar(255) DEFAULT NULL,
  `serial_number` varchar(255) DEFAULT NULL,
  `status` int(12) DEFAULT NULL COMMENT 'FK master_status',
  `jumlah_datas` int(100) NOT NULL,
  `length` int(12) DEFAULT NULL COMMENT 'Panjang',
  `width` int(12) DEFAULT NULL COMMENT 'Lebar',
  `height` int(12) DEFAULT NULL COMMENT 'Tinggi',
  `weight` int(12) DEFAULT NULL COMMENT 'Berat',
  `color` varchar(20) DEFAULT NULL COMMENT 'Warna',
  `price` int(12) DEFAULT NULL COMMENT 'Harga Beli',
  `date_of_purchase` date DEFAULT NULL COMMENT 'Tgl Beli',
  `photo` text DEFAULT NULL COMMENT 'Foto',
  `thumbnail` text DEFAULT NULL COMMENT 'Thumb',
  `description` text DEFAULT NULL COMMENT 'Keterangan',
  `deleted` tinyint(1) NOT NULL DEFAULT 0,
  `created_by` varchar(255) NOT NULL,
  `created_on` datetime NOT NULL,
  `updated_by` varchar(255) NOT NULL,
  `updated_on` datetime NOT NULL,
  `date_on` datetime DEFAULT NULL
) ENGINE=InnoDB DEFAULT CHARSET=latin1;

--
-- Dumping data untuk tabel `inv_keluar`
--

INSERT INTO `inv_keluar` (`id`, `code`, `category_id`, `location_id`, `brand`, `model`, `serial_number`, `status`, `jumlah_datas`, `length`, `width`, `height`, `weight`, `color`, `price`, `date_of_purchase`, `photo`, `thumbnail`, `description`, `deleted`, `created_by`, `created_on`, `updated_by`, `updated_on`, `date_on`) VALUES
(1, 'A1-C3-0001', 3, 1, 'Sarimie', 'Makanan', '', 2, 20, 15, 10, 5, 10, 'Black', 200000, '2020-08-01', 'SarimieMakanan1817111106.jpg', 'SarimieMakanan1817111106_thumb.jpg', '<p>Jumlah Satuan Box<br></p>', 0, 'administrator', '2020-08-26 10:40:40', '', '0000-00-00 00:00:00', NULL),
(2, 'A1-C1-0001', 1, 1, 'Gergaji Merah Biasa', 'Peralatan', '4111', 3, 1, 120, 50, 10, 2, 'Black', 500000, '2020-08-03', 'A1-C1-0001Gergaji_Merah_BiasaPeralatan.jpg', 'A1-C1-0001Gergaji_Merah_BiasaPeralatan_thumb.jpg', '<p>Jumlah Satuan Picis<br></p>', 0, 'administrator', '2020-08-26 10:53:58', '', '0000-00-00 00:00:00', NULL);

-- --------------------------------------------------------

--
-- Struktur dari tabel `inv_locations`
--

CREATE TABLE `inv_locations` (
  `id` int(12) UNSIGNED NOT NULL,
  `code` varchar(255) NOT NULL,
  `name` varchar(255) NOT NULL,
  `detail` text DEFAULT NULL,
  `photo` text DEFAULT NULL,
  `thumbnail` text DEFAULT NULL,
  `deleted` tinyint(1) NOT NULL DEFAULT 0,
  `created_by` varchar(255) NOT NULL,
  `created_on` datetime NOT NULL,
  `updated_by` varchar(255) NOT NULL,
  `updated_on` datetime NOT NULL
) ENGINE=InnoDB DEFAULT CHARSET=latin1;

--
-- Dumping data untuk tabel `inv_locations`
--

INSERT INTO `inv_locations` (`id`, `code`, `name`, `detail`, `photo`, `thumbnail`, `deleted`, `created_by`, `created_on`, `updated_by`, `updated_on`) VALUES
(1, 'A1', 'gudang', '<p>barang digudang<br></p>', NULL, NULL, 0, 'administrator', '2020-07-27 09:08:08', 'administrator', '2020-07-27 09:08:08'),
(2, 'A2', 'rumah', '<p>barang dirumah<br></p>', NULL, NULL, 0, 'zulfiachsans', '2020-07-27 09:12:01', 'zulfiachsans', '2020-07-27 09:12:01'),
(3, 'A3', 'Cluster Melati', '<p>dapat menampung 30 pengungsi<br></p>', NULL, NULL, 0, 'administrator', '2020-07-29 13:28:15', 'administrator', '2020-07-29 13:28:15');

-- --------------------------------------------------------

--
-- Struktur dari tabel `inv_log_data_location`
--

CREATE TABLE `inv_log_data_location` (
  `id` int(12) UNSIGNED NOT NULL,
  `code` varchar(255) NOT NULL COMMENT 'FK inv_datas',
  `location_id` int(12) NOT NULL COMMENT 'FK inv_locations',
  `created_by` varchar(255) NOT NULL,
  `created_on` datetime NOT NULL,
  `updated_by` varchar(255) NOT NULL,
  `updated_on` datetime NOT NULL
) ENGINE=InnoDB DEFAULT CHARSET=latin1;

--
-- Dumping data untuk tabel `inv_log_data_location`
--

INSERT INTO `inv_log_data_location` (`id`, `code`, `location_id`, `created_by`, `created_on`, `updated_by`, `updated_on`) VALUES
(1, '1', 1, 'administrator', '2020-07-27 09:09:04', 'administrator', '2020-07-27 09:09:04'),
(2, '2', 2, 'zulfiachsans', '2020-07-27 09:13:06', 'zulfiachsans', '2020-07-27 09:13:06'),
(3, '3', 1, 'administrator', '2020-07-27 09:14:49', 'administrator', '2020-07-27 09:14:49'),
(4, '4', 1, 'administrator', '2020-07-27 09:18:06', 'administrator', '2020-07-27 09:18:06'),
(5, '5', 1, 'administrator', '2020-08-07 11:41:57', 'administrator', '2020-08-07 11:41:57'),
(6, '6', 1, 'administrator', '2020-08-07 13:30:47', 'administrator', '2020-08-07 13:30:47'),
(7, '8', 1, 'administrator', '2020-08-07 18:13:34', 'administrator', '2020-08-07 18:13:34'),
(8, '9', 1, 'administrator', '2020-08-07 18:18:15', 'administrator', '2020-08-07 18:18:15'),
(9, 'asd', 3, 'administrator', '2020-08-25 09:31:25', 'administrator', '2020-08-25 09:31:25'),
(10, '--0001', 1, 'administrator', '2020-08-25 09:33:46', 'administrator', '2020-08-25 09:33:46'),
(11, 'A1-C1-0004', 1, 'administrator', '2020-08-25 09:37:03', 'administrator', '2020-08-25 09:37:03'),
(12, 'A1-C1-000', 1, 'administrator', '2020-08-25 09:44:43', 'administrator', '2020-08-25 09:44:43'),
(13, 'A1-C1-000', 1, 'administrator', '2020-08-25 09:46:36', 'administrator', '2020-08-25 09:46:36'),
(14, '--0001', 1, 'administrator', '2020-08-26 10:25:24', 'administrator', '2020-08-26 10:25:24'),
(15, 'A1-C3-0001', 1, 'administrator', '2020-08-26 10:38:19', 'administrator', '2020-08-26 10:38:19'),
(16, 'A1-C3-0001', 1, 'administrator', '2020-08-26 10:40:40', 'administrator', '2020-08-26 10:40:40'),
(17, 'A1-C3-0002', 1, 'administrator', '2020-08-26 10:43:04', 'administrator', '2020-08-26 10:43:04'),
(18, 'A1-C1-0001', 1, 'administrator', '2020-08-26 10:53:58', 'administrator', '2020-08-26 10:53:58'),
(19, 'A2-C3-0001', 2, 'administrator', '2020-08-26 10:55:18', 'administrator', '2020-08-26 10:55:18'),
(20, 'A2-C3-0002', 2, 'administrator', '2020-08-26 10:57:08', 'administrator', '2020-08-26 10:57:08');

-- --------------------------------------------------------

--
-- Struktur dari tabel `inv_log_data_status`
--

CREATE TABLE `inv_log_data_status` (
  `id` int(12) UNSIGNED NOT NULL,
  `code` varchar(255) NOT NULL COMMENT 'FK inv_datas',
  `status_id` int(12) NOT NULL COMMENT 'FK inv_status',
  `created_by` varchar(255) NOT NULL,
  `created_on` datetime NOT NULL,
  `updated_by` varchar(255) NOT NULL,
  `updated_on` datetime NOT NULL
) ENGINE=InnoDB DEFAULT CHARSET=latin1;

--
-- Dumping data untuk tabel `inv_log_data_status`
--

INSERT INTO `inv_log_data_status` (`id`, `code`, `status_id`, `created_by`, `created_on`, `updated_by`, `updated_on`) VALUES
(1, '1', 1, 'administrator', '2020-07-27 09:09:04', 'administrator', '2020-07-27 09:09:04'),
(2, '2', 1, 'zulfiachsans', '2020-07-27 09:13:06', 'zulfiachsans', '2020-07-27 09:13:06'),
(3, '3', 1, 'administrator', '2020-07-27 09:14:49', 'administrator', '2020-07-27 09:14:49'),
(4, '4', 1, 'administrator', '2020-07-27 09:18:06', 'administrator', '2020-07-27 09:18:06'),
(5, '5', 1, 'administrator', '2020-08-07 11:41:57', 'administrator', '2020-08-07 11:41:57'),
(6, '6', 2, 'administrator', '2020-08-07 13:30:47', 'administrator', '2020-08-07 13:30:47'),
(7, '8', 2, 'administrator', '2020-08-07 18:13:34', 'administrator', '2020-08-07 18:13:34'),
(8, '9', 2, 'administrator', '2020-08-07 18:18:15', 'administrator', '2020-08-07 18:18:15'),
(9, 'asd', 2, 'administrator', '2020-08-25 09:31:26', 'administrator', '2020-08-25 09:31:26'),
(10, '--0001', 2, 'administrator', '2020-08-25 09:33:46', 'administrator', '2020-08-25 09:33:46'),
(11, 'A1-C1-0004', 1, 'administrator', '2020-08-25 09:37:03', 'administrator', '2020-08-25 09:37:03'),
(12, 'A1-C1-000', 1, 'administrator', '2020-08-25 09:44:43', 'administrator', '2020-08-25 09:44:43'),
(13, 'A1-C1-000', 1, 'administrator', '2020-08-25 09:46:36', 'administrator', '2020-08-25 09:46:36'),
(14, '--0001', 2, 'administrator', '2020-08-26 10:25:24', 'administrator', '2020-08-26 10:25:24'),
(15, 'A1-C3-0001', 2, 'administrator', '2020-08-26 10:38:20', 'administrator', '2020-08-26 10:38:20'),
(16, 'A1-C3-0001', 2, 'administrator', '2020-08-26 10:40:40', 'administrator', '2020-08-26 10:40:40'),
(17, 'A1-C3-0002', 2, 'administrator', '2020-08-26 10:43:04', 'administrator', '2020-08-26 10:43:04'),
(18, 'A1-C1-0001', 2, 'administrator', '2020-08-26 10:53:58', 'administrator', '2020-08-26 10:53:58'),
(19, 'A2-C3-0001', 2, 'administrator', '2020-08-26 10:55:18', 'administrator', '2020-08-26 10:55:18'),
(20, 'A2-C3-0002', 2, 'administrator', '2020-08-26 10:57:08', 'administrator', '2020-08-26 10:57:08');

-- --------------------------------------------------------

--
-- Struktur dari tabel `inv_status`
--

CREATE TABLE `inv_status` (
  `id` int(12) UNSIGNED NOT NULL,
  `name` varchar(50) NOT NULL,
  `description` text DEFAULT NULL,
  `deleted` tinyint(1) NOT NULL DEFAULT 0,
  `created_by` varchar(255) NOT NULL,
  `created_on` datetime DEFAULT NULL,
  `updated_by` varchar(255) NOT NULL,
  `updated_on` datetime DEFAULT NULL
) ENGINE=InnoDB DEFAULT CHARSET=latin1;

--
-- Dumping data untuk tabel `inv_status`
--

INSERT INTO `inv_status` (`id`, `name`, `description`, `deleted`, `created_by`, `created_on`, `updated_by`, `updated_on`) VALUES
(1, 'Dalam Pemakaian', '<p>Aktif digunakan</p>', 0, 'administrator', '2018-04-13 11:16:07', 'administrator', '2020-08-07 18:08:13'),
(2, 'Tidak digunakan', '<p>Tidak digunakan</p>', 0, 'administrator', '2018-04-13 11:17:25', 'administrator', '2020-08-07 18:08:03'),
(3, 'Perbaikan', '<p>Status barang masih dalam perbaikan</p>', 0, 'administrator', '2018-04-18 16:34:43', 'administrator', '2020-08-07 18:07:53');

-- --------------------------------------------------------

--
-- Struktur dari tabel `login_attempts`
--

CREATE TABLE `login_attempts` (
  `id` int(11) UNSIGNED NOT NULL,
  `ip_address` varchar(45) NOT NULL,
  `login` varchar(100) NOT NULL,
  `time` int(11) UNSIGNED DEFAULT NULL
) ENGINE=InnoDB DEFAULT CHARSET=utf8;

-- --------------------------------------------------------

--
-- Struktur dari tabel `master_color`
--

CREATE TABLE `master_color` (
  `id` tinyint(2) UNSIGNED NOT NULL,
  `name` varchar(30) NOT NULL,
  `deleted` tinyint(1) NOT NULL DEFAULT 0,
  `created_by` varchar(255) NOT NULL,
  `created_on` datetime NOT NULL,
  `updated_by` varchar(255) NOT NULL,
  `updated_on` datetime NOT NULL
) ENGINE=MyISAM DEFAULT CHARSET=latin1;

--
-- Dumping data untuk tabel `master_color`
--

INSERT INTO `master_color` (`id`, `name`, `deleted`, `created_by`, `created_on`, `updated_by`, `updated_on`) VALUES
(1, 'Black', 0, 'administrator', '2018-04-03 16:30:13', 'administrator', '2018-04-03 16:30:13'),
(2, 'White', 0, 'administrator', '2018-04-13 10:48:13', 'administrator', '2018-04-13 10:48:13'),
(3, 'Grey', 0, 'administrator', '2018-04-13 11:32:37', 'administrator', '2018-04-18 15:38:32'),
(4, 'Blue', 0, 'administrator', '2018-04-13 11:32:44', 'administrator', '2018-04-18 15:38:24'),
(5, 'Red', 0, 'administrator', '2018-04-18 15:37:57', 'administrator', '2018-04-18 15:37:57'),
(6, 'Brown', 0, 'administrator', '2018-05-09 10:56:40', 'administrator', '2018-05-09 10:56:40'),
(7, 'Yellow', 0, 'administrator', '2018-05-09 11:02:17', 'administrator', '2018-05-09 11:02:17'),
(8, 'Black White', 0, 'administrator', '2018-05-11 09:43:40', 'administrator', '2018-05-11 09:43:40'),
(9, 'Green', 0, 'administrator', '2018-05-18 15:13:17', 'administrator', '2018-05-18 15:13:17');

-- --------------------------------------------------------

--
-- Struktur dari tabel `users`
--

CREATE TABLE `users` (
  `id` int(11) UNSIGNED NOT NULL,
  `ip_address` varchar(45) NOT NULL,
  `username` varchar(100) DEFAULT NULL,
  `password` varchar(255) NOT NULL,
  `salt` varchar(255) DEFAULT NULL,
  `email` varchar(254) NOT NULL,
  `activation_code` varchar(40) DEFAULT NULL,
  `forgotten_password_code` varchar(40) DEFAULT NULL,
  `forgotten_password_time` int(11) UNSIGNED DEFAULT NULL,
  `remember_code` varchar(40) DEFAULT NULL,
  `created_on` int(11) UNSIGNED NOT NULL,
  `last_login` int(11) UNSIGNED DEFAULT NULL,
  `active` tinyint(1) UNSIGNED DEFAULT NULL,
  `first_name` varchar(50) DEFAULT NULL,
  `last_name` varchar(50) DEFAULT NULL,
  `phone` varchar(20) DEFAULT NULL
) ENGINE=InnoDB DEFAULT CHARSET=utf8;

--
-- Dumping data untuk tabel `users`
--

INSERT INTO `users` (`id`, `ip_address`, `username`, `password`, `salt`, `email`, `activation_code`, `forgotten_password_code`, `forgotten_password_time`, `remember_code`, `created_on`, `last_login`, `active`, `first_name`, `last_name`, `phone`) VALUES
(1, '127.0.0.1', 'administrator', '$2a$07$SeBknntpZror9uyftVopmu61qg0ms8Qv1yV6FG.kQOSM.9QhmTo36', '', 'admin@admin.com', '', 'rbR75Sk20pawP4YSXdouZ.1510a0de1d4d792bd4', 1597856666, 'QYFQz4QrSZSm/CtQlmYv1e', 1268889823, 1598701603, 1, 'System', 'Administrator', '1234567890'),
(8, '::1', 'zulfiachsans', '$2y$08$xYV3u58ZB8zEqwNSm.Kh5OKmU3va1opf5B8P2rgI.hfPl6eFwW.DO', NULL, 'zulfiachsans44@gmail.com', NULL, NULL, NULL, NULL, 1595666164, 1597067364, 1, 'Zulfi', 'Sani', '085715928302');

--
-- Trigger `users`
--
DELIMITER $$
CREATE TRIGGER `after_users_insert` AFTER INSERT ON `users` FOR EACH ROW BEGIN
	INSERT INTO users_photo VALUES( NEW.username, "no_picture.png", "no_picture.png", now());
    END
$$
DELIMITER ;

-- --------------------------------------------------------

--
-- Struktur dari tabel `users_groups`
--

CREATE TABLE `users_groups` (
  `id` int(11) UNSIGNED NOT NULL,
  `user_id` int(11) UNSIGNED NOT NULL,
  `group_id` mediumint(8) UNSIGNED NOT NULL
) ENGINE=InnoDB DEFAULT CHARSET=utf8;

--
-- Dumping data untuk tabel `users_groups`
--

INSERT INTO `users_groups` (`id`, `user_id`, `group_id`) VALUES
(10, 1, 1),
(11, 1, 2),
(9, 8, 2);

-- --------------------------------------------------------

--
-- Struktur dari tabel `users_photo`
--

CREATE TABLE `users_photo` (
  `username` varchar(100) NOT NULL,
  `photo` text DEFAULT NULL,
  `thumbnail` text DEFAULT NULL,
  `updated_on` datetime NOT NULL
) ENGINE=MyISAM DEFAULT CHARSET=latin1;

--
-- Dumping data untuk tabel `users_photo`
--

INSERT INTO `users_photo` (`username`, `photo`, `thumbnail`, `updated_on`) VALUES
('administrator', 'ADMINISTRATOR.jpg', 'ADMINISTRATOR_thumb.jpg', '2017-12-08 14:02:41'),
('ajiii', 'no_picture.png', 'no_picture.png', '2020-07-25 15:34:20'),
('zulfiachsans', 'zulfiachsans.jpg', 'zulfiachsans_thumb.jpg', '2020-07-25 15:36:04');

--
-- Indexes for dumped tables
--

--
-- Indeks untuk tabel `groups`
--
ALTER TABLE `groups`
  ADD PRIMARY KEY (`id`);

--
-- Indeks untuk tabel `invenitri_session`
--
ALTER TABLE `invenitri_session`
  ADD KEY `ci_sessions_timestamp` (`timestamp`);

--
-- Indeks untuk tabel `inv_categories`
--
ALTER TABLE `inv_categories`
  ADD PRIMARY KEY (`id`);

--
-- Indeks untuk tabel `inv_datas`
--
ALTER TABLE `inv_datas`
  ADD PRIMARY KEY (`id`);

--
-- Indeks untuk tabel `inv_keluar`
--
ALTER TABLE `inv_keluar`
  ADD PRIMARY KEY (`id`);

--
-- Indeks untuk tabel `inv_locations`
--
ALTER TABLE `inv_locations`
  ADD PRIMARY KEY (`id`);

--
-- Indeks untuk tabel `inv_log_data_location`
--
ALTER TABLE `inv_log_data_location`
  ADD PRIMARY KEY (`id`);

--
-- Indeks untuk tabel `inv_log_data_status`
--
ALTER TABLE `inv_log_data_status`
  ADD PRIMARY KEY (`id`);

--
-- Indeks untuk tabel `inv_status`
--
ALTER TABLE `inv_status`
  ADD PRIMARY KEY (`id`);

--
-- Indeks untuk tabel `login_attempts`
--
ALTER TABLE `login_attempts`
  ADD PRIMARY KEY (`id`);

--
-- Indeks untuk tabel `master_color`
--
ALTER TABLE `master_color`
  ADD PRIMARY KEY (`id`);

--
-- Indeks untuk tabel `users`
--
ALTER TABLE `users`
  ADD PRIMARY KEY (`id`);

--
-- Indeks untuk tabel `users_groups`
--
ALTER TABLE `users_groups`
  ADD PRIMARY KEY (`id`),
  ADD UNIQUE KEY `uc_users_groups` (`user_id`,`group_id`),
  ADD KEY `fk_users_groups_users1_idx` (`user_id`),
  ADD KEY `fk_users_groups_groups1_idx` (`group_id`);

--
-- Indeks untuk tabel `users_photo`
--
ALTER TABLE `users_photo`
  ADD PRIMARY KEY (`username`);

--
-- AUTO_INCREMENT untuk tabel yang dibuang
--

--
-- AUTO_INCREMENT untuk tabel `groups`
--
ALTER TABLE `groups`
  MODIFY `id` mediumint(8) UNSIGNED NOT NULL AUTO_INCREMENT, AUTO_INCREMENT=3;

--
-- AUTO_INCREMENT untuk tabel `inv_categories`
--
ALTER TABLE `inv_categories`
  MODIFY `id` int(12) UNSIGNED NOT NULL AUTO_INCREMENT, AUTO_INCREMENT=5;

--
-- AUTO_INCREMENT untuk tabel `inv_datas`
--
ALTER TABLE `inv_datas`
  MODIFY `id` int(12) UNSIGNED NOT NULL AUTO_INCREMENT, AUTO_INCREMENT=6;

--
-- AUTO_INCREMENT untuk tabel `inv_keluar`
--
ALTER TABLE `inv_keluar`
  MODIFY `id` int(12) UNSIGNED NOT NULL AUTO_INCREMENT, AUTO_INCREMENT=3;

--
-- AUTO_INCREMENT untuk tabel `inv_locations`
--
ALTER TABLE `inv_locations`
  MODIFY `id` int(12) UNSIGNED NOT NULL AUTO_INCREMENT, AUTO_INCREMENT=4;

--
-- AUTO_INCREMENT untuk tabel `inv_log_data_location`
--
ALTER TABLE `inv_log_data_location`
  MODIFY `id` int(12) UNSIGNED NOT NULL AUTO_INCREMENT, AUTO_INCREMENT=21;

--
-- AUTO_INCREMENT untuk tabel `inv_log_data_status`
--
ALTER TABLE `inv_log_data_status`
  MODIFY `id` int(12) UNSIGNED NOT NULL AUTO_INCREMENT, AUTO_INCREMENT=21;

--
-- AUTO_INCREMENT untuk tabel `inv_status`
--
ALTER TABLE `inv_status`
  MODIFY `id` int(12) UNSIGNED NOT NULL AUTO_INCREMENT, AUTO_INCREMENT=4;

--
-- AUTO_INCREMENT untuk tabel `login_attempts`
--
ALTER TABLE `login_attempts`
  MODIFY `id` int(11) UNSIGNED NOT NULL AUTO_INCREMENT, AUTO_INCREMENT=7;

--
-- AUTO_INCREMENT untuk tabel `master_color`
--
ALTER TABLE `master_color`
  MODIFY `id` tinyint(2) UNSIGNED NOT NULL AUTO_INCREMENT, AUTO_INCREMENT=10;

--
-- AUTO_INCREMENT untuk tabel `users`
--
ALTER TABLE `users`
  MODIFY `id` int(11) UNSIGNED NOT NULL AUTO_INCREMENT, AUTO_INCREMENT=9;

--
-- AUTO_INCREMENT untuk tabel `users_groups`
--
ALTER TABLE `users_groups`
  MODIFY `id` int(11) UNSIGNED NOT NULL AUTO_INCREMENT, AUTO_INCREMENT=12;

--
-- Ketidakleluasaan untuk tabel pelimpahan (Dumped Tables)
--

--
-- Ketidakleluasaan untuk tabel `users_groups`
--
ALTER TABLE `users_groups`
  ADD CONSTRAINT `fk_users_groups_groups1` FOREIGN KEY (`group_id`) REFERENCES `groups` (`id`) ON DELETE CASCADE ON UPDATE NO ACTION,
  ADD CONSTRAINT `fk_users_groups_users1` FOREIGN KEY (`user_id`) REFERENCES `users` (`id`) ON DELETE CASCADE ON UPDATE NO ACTION;
COMMIT;

/*!40101 SET CHARACTER_SET_CLIENT=@OLD_CHARACTER_SET_CLIENT */;
/*!40101 SET CHARACTER_SET_RESULTS=@OLD_CHARACTER_SET_RESULTS */;
/*!40101 SET COLLATION_CONNECTION=@OLD_COLLATION_CONNECTION */;
